Date,Ticker,Full_Article_Sentiment,Summary_Sentiment,change_in_full_sentiment,change_in_summary_sentiment,rolling_avg_full_sentiment,rolling_avg_summary_sentiment,volatility_full_sentiment,volatility_summary_sentiment
2023-06-29,AHT,0.9978,0.8859,,,0.9978,0.8859,,
2023-06-29,BDN,0.9829,0.5106,,,0.9829,0.5106,,
2023-06-29,CLDT,0.9987,0.296,,,0.9987,0.296,,
2023-06-29,DRM:CA,0.9983,0.5667,,,0.9983,0.5667,,
2023-06-29,ESRT,-0.9982,-0.6901,,,-0.9982,-0.6901,,
2023-06-29,GLPI,0.9979,0.6597,,,0.9979,0.6597,,
2023-06-29,GMRE,0.9991,0.86695,,,0.9991,0.86695,,
2023-06-29,HT.PR.C,0.9994,0.9554,,,0.9994,0.9554,,
2023-06-29,NLY,0.9999,0.743,,,0.9999,0.743,,
2023-06-29,VNO.PR.L,0.9991,0.9484,,,0.9991,0.9484,,
2023-06-30,ADC,0.9996,0.902,,,0.9996,0.902,,
2023-06-30,AHT,0.9953,0.7666,-0.0025000000000000577,-0.11930000000000007,0.99655,0.8262499999999999,0.0017677669529664489,0.08435783899555513
2023-06-30,BRX,0.9981,0.9231,,,0.9981,0.9231,,
2023-06-30,MAC,0.9888,0.8316,,,0.9888,0.8316,,
2023-06-30,O,0.9925,0.9218,,,0.9925,0.9218,,
2023-06-30,SRC,0.9998,0.9711,,,0.9998,0.9711,,
2023-06-30,UHT,0.9995,0.9837,,,0.9995,0.9837,,
2023-07-03,MAA,0.9996,0.7533,,,0.9996,0.7533,,
2023-07-03,NLY,0.9972,-0.2815,-0.0027000000000000357,-1.0245,0.99855,0.23075,0.0019091883092037427,0.7244308973256179
2023-07-03,VICI,0.99395,0.69865,,,0.99395,0.69865,,
2023-07-04,FCPT,0.9998,0.9423,,,0.9998,0.9423,,
2023-07-05,BXP,0.998,0.9186,,,0.998,0.9186,,
2023-07-05,FCPT,0.9967,0.9432,-0.0030999999999999917,0.0009000000000000119,0.9982500000000001,0.94275,0.0021920310216783307,0.0006363961030679405
2023-07-05,FRT,0.9997,0.9468,,,0.9997,0.9468,,
2023-07-05,MAA,0.9963,-0.3262,-0.0033000000000000806,-1.0795,0.99795,0.21355,0.002333452377915664,0.763321770290878
2023-07-05,PLD,0.9993,0.972,,,0.9993,0.972,,
2023-07-05,TCN,0.9987,0.8405,,,0.9987,0.8405,,
2023-07-06,ABR,0.9039,0.6908,,,0.9039,0.6908,,
2023-07-06,EFC,0.9997,0.9587,,,0.9997,0.9587,,
2023-07-06,PEAK,0.9951,0.80615,,,0.9951,0.80615,,
2023-07-07,ELS,0.9981500000000001,0.8545499999999999,,,0.9981500000000001,0.8545499999999999,,
2023-07-07,FRT,0.9993,0.951,-0.00040000000000006697,0.0041999999999999815,0.9995,0.9489,0.00028284271247470564,0.0029698484809834867
2023-07-07,HTIA,0.9986,0.7906,,,0.9986,0.7906,,
2023-07-07,KMMPF,0.9919,0.5454,,,0.9919,0.5454,,
2023-07-07,ORC,0.9044,-0.5719,,,0.9044,-0.5719,,
2023-07-07,REXR,0.9994,0.962,,,0.9994,0.962,,
2023-07-08,NNN,0.9995,0.5945,,,0.9995,0.5945,,
2023-07-09,IIPR,0.998,0.836,,,0.998,0.836,,
2023-07-10,AGNCM,0.9984,0.798,,,0.9984,0.798,,
2023-07-10,APLE,0.9972,0.8225,,,0.9972,0.8225,,
2023-07-10,IIPR,0.9966,0.5452,-0.0013999999999999568,-0.29079999999999995,0.9973000000000001,0.6906,0.0009899494936611753,0.20562665196904797
2023-07-10,IVR,-0.9688,-0.8672,,,-0.9688,-0.8672,,
2023-07-10,KRC,0.9933,0.9503,,,0.9933,0.9503,,
2023-07-10,KREF,0.9979,0.8271,,,0.9979,0.8271,,
2023-07-10,VNO,0.9929,0.9004,,,0.9929,0.9004,,
2023-07-10,WPC,0.9998,0.7841,,,0.9998,0.7841,,
2023-07-11,ADC,0.9989,0.4351,-0.0007000000000000339,-0.46690000000000004,0.99925,0.66855,0.000494974746830568,0.33014815613599907
2023-07-11,ARE,0.9967,0.9404,,,0.9967,0.9404,,
2023-07-11,ARESF,0.9991,0.6705,,,0.9991,0.6705,,
2023-07-11,EQIX,0.9973,-0.3919,,,0.9973,-0.3919,,
2023-07-11,LADR,0.9977,0.8278,,,0.9977,0.8278,,
2023-07-11,O,0.9973,0.9761,0.0047999999999999154,0.054300000000000015,0.9949,0.94895,0.0033941125496953686,0.03839589821842954
2023-07-11,PCH,0.9492,-0.7862,,,0.9492,-0.7862,,
2023-07-11,PDM,0.991,0.5106,,,0.991,0.5106,,
2023-07-11,UDR,0.9996,0.9818,,,0.9996,0.9818,,
2023-07-11,VNO.PR.M,0.9986,0.9346,,,0.9986,0.9346,,
2023-07-12,DLR,0.9972,0.6217,,,0.9972,0.6217,,
2023-07-12,EQIX,0.9991,0.9677,0.0018000000000000238,1.3596,0.9982,0.2879,0.0012727922061358025,0.9613823797012301
2023-07-12,INVH,0.9897,0.8737,,,0.9897,0.8737,,
2023-07-12,SAFE,0.9991,0.932,,,0.9991,0.932,,
2023-07-13,CLDT,0.9996,0.9442,0.0009000000000000119,0.6482000000000001,0.99915,0.6201,0.0006363961030679405,0.4583466155651201
2023-07-13,CUBE,0.9981,0.7003,,,0.9981,0.7003,,
2023-07-13,MPW,0.9959,0.8957,,,0.9959,0.8957,,
2023-07-13,STAG,0.9987,0.9578,,,0.9987,0.9578,,
2023-07-14,EPRT,0.9995,0.6652,,,0.9995,0.6652,,
2023-07-14,O,0.9977,0.9169,0.00040000000000006697,-0.05919999999999992,0.9958333333333332,0.9382666666666667,0.002893671255228067,0.03285610039754159
2023-07-14,PLD,0.9994,0.3506,9.999999999998899e-05,-0.6214,0.99935,0.6613,7.071067811864696e-05,0.4393961538293206
2023-07-14,PSA,0.9987,0.8684499999999999,,,0.9987,0.8684499999999999,,
2023-07-14,SPG,0.9970749999999999,0.26065,,,0.9970749999999999,0.26065,,
2023-07-14,WPC,0.9966,0.8779,-0.0031999999999999806,0.0938,0.9982,0.831,0.0022627416997968992,0.06632661607529819
2023-07-16,CTO,0.9985,0.4497,,,0.9985,0.4497,,
2023-07-16,EGP,0.9994,0.9786,,,0.9994,0.9786,,
2023-07-16,EPRT,0.9992,0.9324,-0.000300000000000078,0.2672,0.99935,0.7988,0.00021213203435598016,0.18893893193304553
2023-07-17,BXMT,0.9999,0.9517,,,0.9999,0.9517,,
2023-07-17,EGP,0.9985,0.9493,-0.0008999999999999009,-0.029299999999999993,0.99895,0.9639500000000001,0.0006363961030678226,0.020718228688765876
2023-07-17,EPR,0.9988,0.7717,,,0.9988,0.7717,,
2023-07-17,NNN,0.9985,0.9255,-0.0010000000000000009,0.33099999999999996,0.9990000000000001,0.76,0.0007071067811865874,0.2340523445727472
2023-07-17,NTST,0.9814,0.8316,,,0.9814,0.8316,,
2023-07-17,SBRA,0.9904,0.9274,,,0.9904,0.9274,,
2023-07-17,SPG,0.9963,0.6645,-0.0007749999999999702,0.40385,0.9966875,0.46257499999999996,0.0005480077554195532,0.28556507358218725
2023-07-17,TRNO,0.9984,0.5859,,,0.9984,0.5859,,
2023-07-17,WSR,0.9952,0.4412,,,0.9952,0.4412,,
2023-07-18,AGNC,0.99935,0.9355,,,0.99935,0.9355,,
2023-07-18,EPR,0.9942,0.9722,-0.0046000000000000485,0.2004999999999999,0.9964999999999999,0.87195,0.0032526911934581135,0.1417749096279027
2023-07-18,GNL,0.9918,0.4939,,,0.9918,0.4939,,
2023-07-18,LAMR,0.9986,0.9382,,,0.9986,0.9382,,
2023-07-18,NET.UN:CA,0.9992,0.8126,,,0.9992,0.8126,,
2023-07-18,OHI,0.9997,0.8993,,,0.9997,0.8993,,
2023-07-18,PLD,0.9982,0.9337,-0.0011999999999999789,0.5831,0.9989666666666667,0.7521,0.0006658328118479458,0.34823614114563123
2023-07-18,REXR,0.9992,0.9114,-0.00019999999999997797,-0.05059999999999998,0.9993,0.9367,0.00014142135623729392,0.03577960312803929
2023-07-18,RQI,0.9987,0.9674,,,0.9987,0.9674,,
2023-07-18,WELL,0.9984,0.8316,,,0.9984,0.8316,,
2023-07-19,HIW,0.9987,0.9878,,,0.9987,0.9878,,
2023-07-19,PSTL,0.9997,0.9413,,,0.9997,0.9413,,
2023-07-19,SKT,0.9960333333333334,0.5620666666666666,,,0.9960333333333334,0.5620666666666666,,
2023-07-20,AFCG,0.9754,-0.4215,,,0.9754,-0.4215,,
2023-07-20,CCI,0.9985,0.831,,,0.9985,0.831,,
2023-07-20,DLR,0.9992,0.9538,0.0020000000000000018,0.33209999999999995,0.9982,0.78775,0.0014142135623730963,0.23483016203205243
2023-07-20,FPI,0.9996,0.9612,,,0.9996,0.9612,,
2023-07-20,FR,0.9991,0.981,,,0.9991,0.981,,
2023-07-20,MPW,0.9987,0.8399,0.0028000000000000247,-0.05580000000000007,0.9973000000000001,0.8678,0.001979898987322311,0.0394565583902094
2023-07-20,SVC,0.9991,0.9001,,,0.9991,0.9001,,
2023-07-21,EXR,0.9999,0.8316,,,0.9999,0.8316,,
2023-07-21,STWD,0.9988,0.9324,,,0.9988,0.9324,,
2023-07-22,ACRE,0.9909,0.9182,,,0.9909,0.9182,,
2023-07-23,CUZ,0.999,-0.128,,,0.999,-0.128,,
2023-07-23,EPR,0.7183,0.6124,-0.2758999999999999,-0.3597999999999999,0.9037666666666667,0.7854333333333333,0.16063531160156944,0.18029271569681707
2023-07-24,BNL,0.99965,0.8029,,,0.99965,0.8029,,
2023-07-24,ILPT,0.9982,0.9042,,,0.9982,0.9042,,
2023-07-24,MPW,0.9896,0.9313,-0.009099999999999997,0.09140000000000004,0.9947333333333334,0.8889666666666667,0.004660829682935577,0.04607052564637542
2023-07-24,NLCP,0.9459,0.2023,,,0.9459,0.2023,,
2023-07-24,O,0.9998,0.7504,0.0020999999999999908,-0.1665000000000001,0.9968250000000001,0.8913,0.0030847744379991823,0.0976890645534767
2023-07-24,OUT,0.9972,-0.34,,,0.9972,-0.34,,
2023-07-24,PEB,0.9985,0.552,,,0.9985,0.552,,
2023-07-24,WHLR,0.9994,0.7584,,,0.9994,0.7584,,
2023-07-25,AGNC,0.999,0.8646,-0.00034999999999996145,-0.07089999999999996,0.9991749999999999,0.90005,0.00024748737341522513,0.05013387078612619
2023-07-25,ARE,0.9938,0.8402,-0.0029000000000000137,-0.10020000000000007,0.99525,0.8903,0.002050609665440958,0.07085209947489211
2023-07-26,IIPR,0.9999,0.9856,0.0032999999999999696,0.4404,0.9981666666666666,0.7889333333333334,0.0016563010998406004,0.22394082551721856
2023-07-26,LTC,0.9981,0.9478,,,0.9981,0.9478,,
2023-07-26,RHP,0.9972,0.8911,,,0.9972,0.8911,,
2023-07-26,UNIT,0.9959,0.9612,,,0.9959,0.9612,,
2023-07-26,WPC,0.9993,0.6666,0.0026999999999999247,-0.21130000000000004,0.9985666666666667,0.7761999999999999,0.001721433511156683,0.10587128978150784
2023-07-27,BDN,0.9985,0.5994,0.015600000000000058,0.08879999999999999,0.9907,0.555,0.011030865786510182,0.06279108216936541
2023-07-27,DHC,0.9987,0.9201,,,0.9987,0.9201,,
2023-07-27,IRM,0.9974,0.9102,,,0.9974,0.9102,,
2023-07-27,NLY,0.9759,0.5483,-0.021299999999999986,0.8298,0.991,0.3366,0.01314648241926336,0.5440705193263093
2023-07-27,PMT.PR.A,0.9979,0.9308,,,0.9979,0.9308,,
2023-07-27,RITM,0.9978,0.9093,,,0.9978,0.9093,,
2023-07-27,STAG,0.9905,0.8688,-0.008199999999999985,-0.08899999999999997,0.9946,0.9133,0.005798275605729679,0.0629325035256027
2023-07-28,AGNC,0.9996,0.931,0.0006000000000000449,0.06640000000000001,0.9993166666666666,0.9103666666666667,0.00030138568866711437,0.039698908465263034
2023-07-28,AMT,0.975,0.9022,,,0.975,0.9022,,
2023-07-28,BRT,0.99975,0.635,,,0.99975,0.635,,
2023-07-28,BXMT,0.9993,0.8294,-0.0006000000000000449,-0.12229999999999996,0.9996,0.89055,0.00042426406871199957,0.0864791593391147
2023-07-28,CTO,0.9923,0.296,-0.006200000000000094,-0.1537,0.9954000000000001,0.37285,0.0043840620433567,0.10868231226837238
2023-07-28,SAFE,0.9993,0.5106,0.00019999999999997797,-0.4214,0.9992,0.7213,0.00014142135623729392,0.2979747975920111
2023-07-28,SBAC,0.9985,-0.4126,,,0.9985,-0.4126,,
2023-07-29,ESS,0.9984999999999999,0.93415,,,0.9984999999999999,0.93415,,
2023-07-30,APLE,0.9994,0.9402,0.0021999999999999797,0.11770000000000003,0.9983,0.8813500000000001,0.0015556349186103902,0.08322646814565662
2023-07-30,GPMT,0.9978,-0.2732,,,0.9978,-0.2732,,
2023-07-30,MRPRF,0.9977,0.6808,,,0.9977,0.6808,,
2023-07-30,PDM,0.9859,0.8422,-0.005099999999999993,0.3315999999999999,0.98845,0.6764,0.0036062445840514268,0.23447660864145908
2023-07-31,ABR,0.9967,0.9052,0.0928,0.21440000000000003,0.9503,0.798,0.0656195092941116,0.15160369388639577
2023-07-31,ADC,0.9988,0.9509,-9.999999999998899e-05,0.5158,0.9991,0.7626666666666667,0.00043588989435404163,0.2847327577454574
2023-07-31,BDN,0.8391,-0.5267,-0.1594000000000001,-1.1261,0.9401666666666667,0.19443333333333337,0.08787316617337368,0.626096097522843
2023-07-31,GNL,0.9657,-0.7684,-0.026100000000000012,-1.2623,0.97875,-0.13724999999999998,0.0184554869889689,0.8925808898917789
2023-07-31,HASI,0.9996,0.979,,,0.9996,0.979,,
2023-07-31,NXRT,0.9983,0.8979,,,0.9983,0.8979,,
2023-07-31,WRDEF,0.9911,0.7178,,,0.9911,0.7178,,
2023-08-01,CDP,0.998,0.8595,,,0.998,0.8595,,
2023-08-01,DEA,-0.5839,-0.8481,,,-0.5839,-0.8481,,
2023-08-01,O,0.9997,0.8884,-9.999999999998899e-05,0.138,0.9974000000000001,0.89072,0.0029647934160746906,0.08461115174727267
2023-08-01,VNO,0.9995,-0.4588,0.00660000000000005,-1.3592,0.9962,0.2208,0.0046669047558312885,0.9610995369887554
2023-08-01,WPC,0.9993000000000001,0.8314,1.1102230246251565e-16,0.16480000000000006,0.99875,0.79,0.0014525839046333835,0.09074274993996309
2023-08-02,ALX,0.9986,-0.8074,,,0.9986,-0.8074,,
2023-08-02,CHP.UN:CA,0.9996,0.8625,,,0.9996,0.8625,,
2023-08-02,EQR,0.9106,0.8969,,,0.9106,0.8969,,
2023-08-02,ROIC,0.9986,0.9485,,,0.9986,0.9485,,
2023-08-02,SBAC,0.9985,0.9042,0.0,1.3168,0.9985,0.2458,0.0,0.9311182094664459
2023-08-02,SLTTF,0.9917,0.0164,,,0.9917,0.0164,,
2023-08-03,BTB.UN:CA,0.998,0.6908,,,0.998,0.6908,,
2023-08-03,DEI,0.9996,-0.2732,,,0.9996,-0.2732,,
2023-08-03,EQR,0.9996,0.7717,0.08900000000000008,-0.12519999999999998,0.9551000000000001,0.8343,0.06293250352560274,0.08852976900455574
2023-08-03,SAFE,0.9993,0.2263,0.0,-0.28430000000000005,0.9992333333333333,0.5563,0.00011547005383791243,0.35506265644249324
2023-08-03,SPG,0.9831,0.4019,-0.01319999999999999,-0.2626,0.9921583333333333,0.44235,0.007854311448709737,0.2049411073942951
2023-08-04,AHH,0.9987,0.9578,,,0.9987,0.9578,,
2023-08-04,BXP,0.9997,0.7506,0.0017000000000000348,-0.16799999999999993,0.99885,0.8346,0.0012020815280171554,0.11879393923933994
2023-08-04,EXR,0.9886,0.0422,-0.011299999999999977,-0.7894,0.9942500000000001,0.4369,0.00799030662740801,0.5581900930686606
2023-08-04,GMRE,0.999,0.6808,-9.999999999998899e-05,-0.18615000000000004,0.99905,0.773875,7.071067811864696e-05,0.13162792731787584
2023-08-04,KRC,0.999,0.7096,0.005700000000000038,-0.24070000000000003,0.99615,0.82995,0.004030508652763348,0.17020060223160197
2023-08-04,MAA,0.9934,0.7783,-0.0029000000000000137,1.1045,0.9964333333333334,0.4018,0.0031021497922140294,0.6305903979605144
2023-08-04,PK,0.99905,0.8258,,,0.99905,0.8258,,
2023-08-04,SGR.U:CA,0.9989,0.9737,,,0.9989,0.9737,,
2023-08-05,ARE,0.9995,0.4144,0.005700000000000038,-0.42579999999999996,0.9966666666666667,0.7316666666666666,0.002850146195080779,0.2792912697048251
2023-08-05,LADR,0.9993,0.8968,0.0015999999999999348,0.06900000000000006,0.9984999999999999,0.8623000000000001,0.0011313708498984691,0.04879036790187178
2023-08-06,EXR,0.9991,0.9413,0.010499999999999954,0.8991,0.9958666666666667,0.6050333333333334,0.0063058174199173665,0.49050437646705386
2023-08-07,CAR.UN:CA,0.9983,0.9186,,,0.9983,0.9186,,
2023-08-07,FRT,0.9991,0.7967,-0.00019999999999997797,-0.1543,0.9993666666666666,0.8981666666666666,0.00030550504633047073,0.08789780050338766
2023-08-07,IIPR,0.9705,0.8225,-0.02939999999999998,-0.16310000000000002,0.99125,0.7973250000000001,0.01389928055692095,0.18361556533511347
2023-08-07,LXP,0.9994,0.9578,,,0.9994,0.9578,,
2023-08-07,O,0.9987,0.9217,-0.0010000000000000009,0.033299999999999996,0.99864,0.8907,0.0011349008767287782,0.08460197988226992
2023-08-07,PLYM,0.999,0.8047,,,0.999,0.8047,,
2023-08-07,PSA,0.9971,-0.1119,-0.0016000000000000458,-0.9803499999999999,0.9979,0.378275,0.0011313708498985084,0.6932121329362319
2023-08-07,REI.UN:CA,0.9559,0.7553,,,0.9559,0.7553,,
2023-08-07,SCHH,0.997,0.9484,,,0.997,0.9484,,
2023-08-07,SLG,0.9934,0.3612,,,0.9934,0.3612,,
2023-08-07,SPG,0.9977,0.8176,0.014600000000000057,0.4157,0.99354375,0.5361625,0.006986009083637571,0.2514034850428026
2023-08-08,ADC,0.9976,0.3257,-0.0011999999999999789,-0.6252,0.9987250000000001,0.653425,0.0008301606270274429,0.3190352057375486
2023-08-08,AMT,0.9998,0.925,0.024800000000000044,0.022800000000000042,0.9874,0.9136,0.01753624817342637,0.016122034611053354
2023-08-08,BHR,0.9949,-0.2023,,,0.9949,-0.2023,,
2023-08-08,FRT,0.9997,0.9493,0.0006000000000000449,0.15260000000000007,0.99945,0.9109499999999999,0.0003000000000000451,0.07618619735008875
2023-08-08,GMRE,0.9954,0.8591,-0.0036000000000000476,0.17830000000000001,0.9978333333333333,0.8022833333333333,0.0021079215671683574,0.10528084267013318
2023-08-08,NNN,0.9979,0.8201,-0.0006000000000000449,-0.10539999999999994,0.9986333333333334,0.7800333333333334,0.0008082903768655267,0.1690983540231345
2023-08-08,NSA,0.9996,0.5574,,,0.9996,0.5574,,
2023-08-08,PLYM,0.9973,0.3687,-0.0017000000000000348,-0.43599999999999994,0.99815,0.5867,0.0012020815280171554,0.3082985565973347
2023-08-08,RC,0.9984,0.4019,,,0.9984,0.4019,,
2023-08-08,TNT.UN:CA,0.9979,-0.2023,,,0.9979,-0.2023,,
2023-08-09,ABR,0.9997,-0.1306,0.0030000000000000027,-1.0358,0.9667666666666667,0.48846666666666666,0.054464789849345184,0.5467398772115798
2023-08-09,AIV,0.9993,0.9595,,,0.9993,0.9595,,
2023-08-09,CSR,0.9947,0.9661,,,0.9947,0.9661,,
2023-08-09,INN,0.9964,0.4404,,,0.9964,0.4404,,
2023-08-09,JBGS,0.9955,-0.7906,,,0.9955,-0.7906,,
2023-08-09,MPW,0.9989,0.3291,0.009299999999999975,-0.6022000000000001,0.9957750000000001,0.749,0.004338490520907002,0.2824494054988728
2023-08-09,STWD,0.9846,0.9595,-0.01419999999999999,0.027100000000000013,0.9917,0.9459500000000001,0.010040916292848968,0.019162593770155407
2023-08-09,VTR,0.9963,0.9489,,,0.9963,0.9489,,
2023-08-10,MPW,0.9996,0.743,0.0007000000000000339,0.4139,0.9965400000000001,0.7478,0.004128316848305113,0.24462307740685466
2023-08-10,PEAK,0.9997,0.9628,0.0046000000000000485,0.15664999999999996,0.9974000000000001,0.884475,0.0032526911934581135,0.11076827727287264
2023-08-10,SACH,0.9852,0.128,,,0.9852,0.128,,
2023-08-11,BXP,0.9963,0.7469,-0.0034000000000000696,-0.0037000000000000366,0.9979999999999999,0.8053666666666667,0.0017000000000000348,0.09808039219606193
2023-08-11,CCI,0.9994,0.9607,0.0008999999999999009,0.12970000000000004,0.99895,0.89585,0.0006363961030678226,0.0917117495198952
2023-08-11,CDMGF,0.9993,0.9132,,,0.9993,0.9132,,
2023-08-11,GOOD,0.9889,0.0,,,0.9889,0.0,,
2023-08-11,GOODN,0.999,0.4599,,,0.999,0.4599,,
2023-08-11,MPW,0.9834,0.6705,-0.016199999999999992,-0.07250000000000001,0.99404,0.7027599999999999,0.007231389907894634,0.23093271314389394
2023-08-11,NNN,0.9979,0.7992,0.0,-0.02090000000000003,0.9984500000000001,0.784825,0.0007549834435271229,0.1384004184723924
2023-08-11,NTST,0.9994,0.8832,0.017999999999999905,0.05159999999999998,0.9904,0.8573999999999999,0.012727922061357828,0.036486709909225874
2023-08-11,SPG,0.9955,0.9579,-0.0021999999999999797,0.14029999999999998,0.9939349999999999,0.62051,0.006112988221811003,0.2880543143228374
2023-08-12,ABR,0.9979,0.9489,-0.0018000000000000238,1.0795,0.97455,0.603575,0.04711613311807327,0.5022775220599331
2023-08-12,MAA,0.9996,0.0516,0.006200000000000094,-0.7267,0.997225,0.31425000000000003,0.002987055406248808,0.5438346960857376
2023-08-12,ONL,0.866,-0.8225,,,0.866,-0.8225,,
2023-08-12,PEB,0.9986,0.8834,9.999999999998899e-05,0.3313999999999999,0.99855,0.7177,7.071067811864696e-05,0.2343351872852218
2023-08-12,REXR,0.9997,0.4827,0.000500000000000056,-0.42869999999999997,0.9994333333333333,0.7853666666666667,0.00025166114784240415,0.2633351919765631
2023-08-13,CDMGF,0.9994,0.7783,9.999999999998899e-05,-0.13490000000000002,0.99935,0.84575,7.071067811864696e-05,0.09538870478206528
2023-08-13,HR.UN:CA,0.9987,0.946,,,0.9987,0.946,,
2023-08-13,NLCP,0.9994,0.936,0.05349999999999999,0.7337,0.97265,0.56915,0.03783021279348025,0.5188042453565699
2023-08-13,O,0.9995,0.8898,0.0008000000000000229,-0.03189999999999993,0.99908,0.8734400000000001,0.0008843076387771404,0.07044162831735226
2023-08-14,AAIC.PR.C,0.9964,0.8658,,,0.9964,0.8658,,
2023-08-14,AHH,0.9996,0.9409,0.0009000000000000119,-0.016900000000000026,0.99915,0.9493499999999999,0.0006363961030679405,0.011950104602052633
2023-08-14,BXMT,0.9971,0.9246,-0.0021999999999999797,0.09519999999999995,0.9987666666666666,0.9019,0.0014742229591664417,0.06423231274055136
2023-08-14,DLR,0.999,0.8176,-0.00019999999999997797,-0.1362,0.9984666666666667,0.7977,0.0011015141094572335,0.16694193601369312
2023-08-14,EPRT,0.997,0.9559,-0.0021999999999999797,0.023499999999999965,0.9985666666666667,0.8511666666666667,0.0013650396819628488,0.16147991619186994
2023-08-14,FRT,0.9998,0.946,9.999999999998899e-05,-0.0033000000000000806,0.9995200000000001,0.9179600000000001,0.0003033150177620834,0.06781558080559363
2023-08-14,HST,0.9976,0.296,,,0.9976,0.296,,
2023-08-14,OHI,0.9987,0.9511,-0.0010000000000000009,0.05179999999999996,0.9992000000000001,0.9252,0.0007071067811865874,0.03662813126546309
2023-08-14,PLD,0.9997,0.7239,0.0015000000000000568,-0.2098,0.99915,0.74505,0.0006557438524302181,0.2846830108500798
2023-08-14,STAG,0.9985,0.8885,0.008000000000000007,0.01969999999999994,0.9959000000000001,0.9050333333333334,0.004677606225410605,0.04674680024700442
2023-08-15,ALEX,0.987,-0.1531,,,0.987,-0.1531,,
2023-08-15,BPYPN,0.9927,0.3947,,,0.9927,0.3947,,
2023-08-15,FPI,0.9999,0.9039,0.00029999999999996696,-0.05730000000000002,0.99975,0.93255,0.00021213203435594088,0.04051721856198914
2023-08-15,KIM,0.9996,0.8591,,,0.9996,0.8591,,
2023-08-15,LADR,0.9959,0.7351,-0.0033999999999999586,-0.16170000000000007,0.9976333333333334,0.8199,0.0017009801096230274,0.08113895488604725
2023-08-15,NLY,0.9786,0.6908,0.0027000000000000357,0.14249999999999996,0.9879,0.42515000000000003,0.012395967086113137,0.47823240166262254
2023-08-15,NWH.UN:CA,0.9995,0.7783,,,0.9995,0.7783,,
2023-08-15,O,0.9987,0.8555,-0.0008000000000000229,-0.0343,0.99928,0.8611599999999999,0.0005403702434438058,0.06619511311267624
2023-08-15,OHI,0.9993,0.8779,0.0005999999999999339,-0.07319999999999993,0.9992333333333333,0.9094333333333333,0.0005033222956847347,0.03763739275419234
2023-08-15,PRV.UN:CA,0.9987,0.9468,,,0.9987,0.9468,,
2023-08-16,DRH,0.9993,0.8126,,,0.9993,0.8126,,
2023-08-16,MPW,0.9958,0.4927,0.012399999999999967,-0.17779999999999996,0.99346,0.63332,0.0068715354907037,0.23158579835559867
2023-08-16,NWH.UN:CA,0.9986,-0.0865,-0.0009000000000000119,-0.8648,0.99905,0.3459,0.000636396103067862,0.6115059443701263
2023-08-16,O,0.9982,0.9668,-0.000500000000000056,0.11129999999999995,0.9989600000000001,0.9044399999999999,0.0006228964600956225,0.04199229691264811
2023-08-16,PINE,0.999,0.8779,,,0.999,0.8779,,
2023-08-16,PRV.UN:CA,0.9992,0.0,0.0004999999999999449,-0.9468,0.99895,0.4734,0.00035355339059323483,0.6694887004274231
2023-08-16,RWT,0.9991,0.6486,,,0.9991,0.6486,,
2023-08-16,SACH,0.7731,0.296,-0.21209999999999996,0.16799999999999998,0.87915,0.212,0.1499773482896667,0.11879393923933998
2023-08-16,STAG,0.9979,0.9451,-0.0006000000000000449,0.056600000000000095,0.9964000000000001,0.91505,0.0039479952718647895,0.04310657335797717
2023-08-17,APLE,0.9986,0.296,-0.0007999999999999119,-0.6442000000000001,0.9984000000000001,0.6862333333333334,0.001113552872566004,0.34303769958028424
2023-08-17,HST,0.9989,0.7906,0.0012999999999999678,0.4946,0.9982500000000001,0.5433,0.0009192388155424498,0.3497350139748664
2023-08-17,KLPEF,0.9822,0.8439,,,0.9822,0.8439,,
2023-08-18,CTRE,0.9931,0.7424,,,0.9931,0.7424,,
2023-08-18,MDV,0.9989,0.1779,,,0.9989,0.1779,,
2023-08-18,MPW,0.99935,0.91415,0.003549999999999942,0.42145,0.99541,0.62989,0.006885709839951143,0.22613188187427266
2023-08-18,OHI,0.9994,0.9652,9.999999999998899e-05,0.08729999999999993,0.999275,0.923375,0.0004193248541803076,0.04149533106266291
2023-08-18,PLD,0.9983500000000001,0.8687,-0.0013499999999999623,0.14480000000000004,0.99899,0.76978,0.0006711929677819923,0.25266811631070507
2023-08-18,VTR,0.9998,0.9498,0.0035000000000000586,0.0009000000000000119,0.99805,0.9493499999999999,0.002474873734152958,0.0006363961030679405
2023-08-19,SUI,0.9997,0.9709,,,0.9997,0.9709,,
2023-08-20,AGNC,0.9956,-0.1655,-0.0040000000000000036,-1.0965,0.9983875,0.6414,0.001874555502868134,0.5389090275733002
2023-08-20,MPW,0.9884,0.6486,-0.010950000000000015,-0.26555000000000006,0.9933099999999999,0.69379,0.007151258630479033,0.15329864806970736
2023-08-20,SAFE,0.9998,0.9042,0.000500000000000056,0.6779,0.999375,0.643275,0.00029860788111949296,0.3380901198891601
2023-08-20,VICI,0.9977,0.3818,0.003750000000000031,-0.31685,0.995825,0.540225,0.0026516504294496145,0.22404678361895758
2023-08-21,AGNC,0.9871,0.7783,-0.008500000000000063,0.9438,0.99613,0.66878,0.00530254655802284,0.4707074749778253
2023-08-21,EFRTF,0.999,0.8115,,,0.999,0.8115,,
2023-08-21,EPR,0.9857,0.802,0.26739999999999997,0.1896,0.92425,0.789575,0.1374071929218651,0.1474412510120556
2023-08-21,EPRT,0.9991,0.6249,0.0020999999999999908,-0.33099999999999996,0.9987,0.7946,0.0011460075625113854,0.1737325338942978
2023-08-21,MPW,0.9498,0.69375,-0.03859999999999997,0.04515000000000002,0.9833500000000001,0.68394,0.01976176864554397,0.15090987956393045
2023-08-21,PGRE,0.9978,0.296,,,0.9978,0.296,,
2023-08-22,APLE,0.9997,0.9337,0.0010999999999999899,0.6376999999999999,0.998725,0.7481,0.0011176612486199552,0.30620229696504025
2023-08-22,CHMI,0.8873,-0.128,,,0.8873,-0.128,,
2023-08-22,CIO,0.999,0.7269,,,0.999,0.7269,,
2023-08-22,DEA,0.9989,0.9627,1.5828,1.8108,0.20750000000000002,0.05730000000000002,1.1192086132620673,1.2804289593726002
2023-08-22,LAND,0.9997,0.2732,,,0.9997,0.2732,,
2023-08-22,MPW,0.9997,0.9737,0.049900000000000055,0.27995000000000003,0.98661,0.74458,0.02107303964785345,0.1977936696408659
2023-08-22,NLY,0.9973,0.8934,0.01869999999999994,0.2026,0.98978,0.5187999999999999,0.011528963526700915,0.46409189284020025
2023-08-22,VNQ,0.9976,0.9596,,,0.9976,0.9596,,
2023-08-23,ACRE,0.9896,0.891,-0.0012999999999999678,-0.027200000000000002,0.9902500000000001,0.9046000000000001,0.0009192388155425283,0.019233304448274133
2023-08-23,CPT,0.9996,0.9575,,,0.9996,0.9575,,
2023-08-23,DRR.UN:CA,0.9969,0.7184,,,0.9969,0.7184,,
2023-08-23,HPP,0.3337,0.2732,,,0.3337,0.2732,,
2023-08-23,IRT,0.9995,0.9274,,,0.9995,0.9274,,
2023-08-23,MPW,0.9957666666666666,-0.15303333333333333,-0.003933333333333455,-1.1267333333333334,0.9866033333333333,0.6154333333333334,0.021069410422590345,0.45148676537142873
2023-08-23,RPT,0.9612,-0.5609,,,0.9612,-0.5609,,
2023-08-24,ACRE,0.9991,0.6858,0.009499999999999953,-0.20520000000000005,0.9932,0.8316666666666667,0.005150728103870301,0.1270542141502333
2023-08-24,AIRC,0.9991,0.9735,,,0.9991,0.9735,,
2023-08-24,ARR,0.9986,0.431,,,0.9986,0.431,,
2023-08-24,EGP,0.9999,0.9101,0.0013999999999999568,-0.03920000000000001,0.9992666666666666,0.9460000000000001,0.0007094598884597426,0.03436902675375029
2023-08-24,ELME,0.9993,0.93,,,0.9993,0.93,,
2023-08-24,RITM,0.9995,0.8872,0.0017000000000000348,-0.02210000000000001,0.99865,0.89825,0.0012020815280171554,0.015627059864222706
2023-08-24,SLG,-0.782,-0.8201,-1.7753999999999999,-1.1813,0.10569999999999996,-0.22945000000000002,1.2553973793185964,0.8353052406156687
2023-08-25,ARE,0.9987,0.2878,-0.0008000000000000229,-0.1266,0.997175,0.6207,0.002539520952200776,0.3182087574742929
2023-08-25,CPT,0.9978,0.5029,-0.0018000000000000238,-0.4546,0.9987,0.7302,0.0012727922061358025,0.3214507427274045
2023-08-25,IIPR,0.9973,0.8449,0.026799999999999935,0.022399999999999975,0.99246,0.80684,0.012337463272488407,0.16043279901566262
2023-08-25,LAND,0.9648,0.34,-0.03490000000000004,0.06680000000000003,0.9822500000000001,0.3066,0.02467802666341058,0.04723473298326141
2023-08-25,MPW,0.9947,-0.34,-0.0010666666666665492,-0.1869666666666667,0.9856733333333333,0.3646033333333333,0.02045992559995171,0.5754137555321002
2023-08-25,O,0.9965,0.9446,-0.0016999999999999238,-0.022199999999999998,0.99832,0.91568,0.0011189280584558918,0.04409441007656181
2023-08-25,RLJ,0.9988,0.077,,,0.9988,0.077,,
2023-08-25,STAG,0.9998,0.9119,0.0019000000000000128,-0.03320000000000001,0.9970800000000001,0.91442,0.0037419246384715107,0.037357957652955284
2023-08-25,SUI,0.9994,0.8405,-0.000300000000000078,-0.13039999999999996,0.9995499999999999,0.9057,0.00021213203435598016,0.09220672426672573
2023-08-25,WPC,0.9999,0.8777,0.0005999999999999339,0.04630000000000001,0.9989800000000001,0.80754,0.0013590437814875506,0.08782905555680308
2023-08-26,AMT,0.9995,0.9165,-0.00029999999999996696,-0.008500000000000063,0.9914333333333333,0.9145666666666666,0.014232474603291348,0.011522297224656829
2023-08-26,SRC,0.9991,0.976,-0.0007000000000000339,0.0049000000000000155,0.99945,0.9735499999999999,0.000494974746830568,0.003464823227814133
2023-08-27,DIR.UN:CA,0.9992,0.4934,,,0.9992,0.4934,,
2023-08-27,MFA,0.9989,0.9456,,,0.9989,0.9456,,
2023-08-27,O,-0.5733,0.8658,-1.5698,-0.07879999999999998,0.68392,0.9045,0.7028082042776679,0.04900020408120761
2023-08-27,STWD,0.9988,0.9761,0.01419999999999999,0.016599999999999948,0.9940666666666668,0.956,0.008198373822492689,0.022059238427470627
2023-08-28,AMT,0.9992,0.8967,-0.000300000000000078,-0.01979999999999993,0.993375,0.9101,0.012252448734844788,0.012973562861964077
2023-08-28,BRSP,0.9985,0.0516,,,0.9985,0.0516,,
2023-08-28,GTY,0.9964,0.1006,,,0.9964,0.1006,,
2023-08-28,PECO,0.9973,0.9226,,,0.9973,0.9226,,
2023-08-28,PMT,0.9986999999999999,0.8149500000000001,,,0.9986999999999999,0.8149500000000001,,
2023-08-29,ADC,0.9997,0.8783,0.0020999999999999908,0.5526,0.99892,0.6984,0.0008408329203830926,0.2940261042832762
2023-08-29,AGNC,0.9861,0.899,-0.0010000000000000009,0.12070000000000003,0.9934800000000001,0.6614800000000001,0.006472789197865175,0.4657943076079827
2023-08-29,BNL,0.9978,0.8625,-0.0018500000000000183,0.0596000000000001,0.9987250000000001,0.8327,0.001308147545195165,0.042143564158718304
2023-08-29,MI.UN:CA,0.9993,-0.7964,,,0.9993,-0.7964,,
2023-08-29,MPW,0.9982,0.761,0.0034999999999999476,1.101,0.9876333333333334,0.38708333333333333,0.021240932706033055,0.591259972196852
2023-08-29,NNN,0.9995,0.9657,0.0016000000000000458,0.16649999999999998,0.9986600000000001,0.8210000000000001,0.0008049844718999496,0.1446
2023-08-29,O,0.9994666666666667,0.7848333333333333,1.5727666666666669,-0.08096666666666674,0.6839133333333333,0.8835066666666667,0.7028044625324712,0.07332206504335663
2023-08-29,RLJ,0.9992,0.9153,0.00039999999999995595,0.8383,0.999,0.49615,0.00028284271247458785,0.5927676146686828
2023-08-30,ABR,0.9997,0.9837,0.0018000000000000238,0.03480000000000005,0.97958,0.6796,0.042325547840518264,0.4670235914812013
2023-08-30,BNL,0.9977,0.339,-9.999999999998899e-05,-0.5235000000000001,0.9983833333333334,0.6681333333333334,0.0010981044273353233,0.28659135250968987
2023-08-30,NHI,0.9992,0.296,,,0.9992,0.296,,
2023-08-30,NTST,0.9992,0.914,-0.00019999999999997797,0.03080000000000005,0.9933333333333333,0.8762666666666666,0.010335053620244703,0.04163524148282724
2023-08-30,VICI,0.999,-0.1779,0.0012999999999999678,-0.5597,0.9968833333333333,0.30085,0.0026221810260417793,0.44384642895938675
2023-08-31,AKR,0.9859,0.7906,,,0.9859,0.7906,,
2023-08-31,ARR,0.9938,0.949,-0.0048000000000000265,0.518,0.9962,0.69,0.0033941125496954076,0.3662813126546316
2023-08-31,BDN,-0.1143,0.8074,-0.9533999999999999,1.3340999999999998,0.67655,0.34767500000000007,0.5320928333790386,0.5960393576210663
2023-08-31,BXMT,0.9987,0.8885,0.0016000000000000458,-0.03610000000000002,0.99875,0.89855,0.0012041594578792645,0.052871700054629066
2023-08-31,KIM,0.9988,0.9638,-0.0008000000000000229,0.10470000000000002,0.9992000000000001,0.91145,0.0005656854249492934,0.07403407999023154
2023-08-31,REFI,0.9954,0.5853,,,0.9954,0.5853,,
2023-08-31,STWD,0.9997,0.9331,0.0009000000000000119,-0.04299999999999993,0.995475,0.950275,0.0072624031835199125,0.02134266072135021
2023-09-01,AIRC,0.9986,0.9001,-0.0004999999999999449,-0.07340000000000002,0.99885,0.9368000000000001,0.00035355339059323483,0.05190163773909264
2023-09-01,DX,-0.3609,0.9313,,,-0.3609,0.9313,,
2023-09-01,IRM,0.9997,0.9136,0.0023000000000000798,0.0033999999999999586,0.99855,0.9118999999999999,0.0016263455967290765,0.0024041630560342714
2023-09-01,O,0.999,0.1319,-0.0004666666666667263,-0.6529333333333333,0.6839733333333333,0.7387866666666667,0.7028380670933779,0.3467395697381858
2023-09-01,SPG,0.9994,0.4118,0.0038999999999999035,-0.5461,0.9944000000000001,0.65074,0.006488451279003345,0.24565856997059968
2023-09-01,VNO,0.9929,0.4939,-0.00660000000000005,0.9527,0.9951,0.31183333333333335,0.003810511776651567,0.6976513193088172
2023-09-01,WPC,0.9992,0.9359,-0.0007000000000000339,0.05819999999999992,0.99886,0.8379,0.0012934450123603864,0.10268152219362547
2023-09-02,AHOTF,0.9967,0.6124,,,0.9967,0.6124,,
2023-09-03,RC,0.9891,0.0258,-0.009299999999999975,-0.3761,0.9937499999999999,0.21384999999999998,0.006576093065034835,0.2659428604042605
2023-09-04,AVB,0.9993,0.936,,,0.9993,0.936,,
2023-09-04,O,0.3265,0.68465,-0.6725,0.55275,0.5496333333333334,0.6823566666666667,0.6918702917133787,0.32246406423386503
2023-09-04,SPG,0.9985,0.4939,-0.0008999999999999009,0.0821,0.99484,0.61662,0.006719970238029358,0.2549417129463125
2023-09-04,VICI,0.9997,0.9607,0.0007000000000000339,1.1386,0.9975875000000001,0.46581249999999996,0.002562672758404157,0.4900853061372751
2023-09-04,XHR,0.9976,0.7579,,,0.9976,0.7579,,
2023-09-05,AAT,0.998,0.9231,,,0.998,0.9231,,
2023-09-05,BXP,0.9942,0.7717,-0.0020999999999999908,0.024800000000000044,0.99705,0.79695,0.00235301225382844,0.08183236930864621
2023-09-05,CRT.UN:CA,0.9989,0.9274,,,0.9989,0.9274,,
2023-09-05,D.UN:CA,0.9993,-0.3192,,,0.9993,-0.3192,,
2023-09-05,EXR,0.9999,0.9818,0.0008000000000000229,0.04049999999999998,0.996875,0.699225,0.005529541873729993,0.4425885702319932
2023-09-05,GLPI,0.9994,0.6124,0.0014999999999999458,-0.0472999999999999,0.99865,0.63605,0.0010606601717797438,0.033446150750123624
2023-09-05,NYMT,0.9966,0.0516,,,0.9966,0.0516,,
2023-09-05,O,0.9994,0.7906,0.6728999999999999,0.10594999999999999,0.5502133333333333,0.6515566666666667,0.6923396126340182,0.2975458553829234
2023-09-05,WPC,0.9996,0.886,0.00040000000000006697,-0.049899999999999944,0.99946,0.83952,0.0002880972058178145,0.10353075388501719
2023-09-06,AMT,0.999,0.96,-0.00019999999999997797,0.06329999999999991,0.9945,0.9200800000000001,0.010905044704172454,0.02498473533980296
2023-09-06,ARE,0.9944999999999999,0.87065,-0.0042000000000000925,0.5828500000000001,0.99664,0.67069,0.0025035974117257995,0.29738461712065745
2023-09-06,CUBE,0.9991,0.8511,0.0010000000000000009,0.15079999999999993,0.9985999999999999,0.7757000000000001,0.0007071067811865874,0.10663170260293128
2023-09-06,EPR,0.9994,0.3818,0.013699999999999934,-0.4202000000000001,0.9392799999999999,0.7080200000000001,0.1236529700411599,0.22262138711273902
2023-09-06,HIW,0.9877,-0.0772,-0.01100000000000001,-1.065,0.9932000000000001,0.4553,0.007778174593052069,0.7530687219636731
2023-09-06,IVT,0.9954,0.3818,,,0.9954,0.3818,,
2023-09-06,UNBLF,0.9994,0.9565,,,0.9994,0.9565,,
2023-09-06,WPC,0.9972,0.9209,-0.0024000000000000687,0.03490000000000004,0.9990400000000002,0.8903800000000001,0.0010644247272588606,0.040810991166596366
2023-09-06,WSR,0.9991,0.9442,0.0039000000000000146,0.5030000000000001,0.99715,0.6927,0.0027577164466275456,0.3556747109368334
2023-09-07,NLY,0.9999,0.7003,0.0026000000000000467,-0.19309999999999994,0.98978,0.51026,0.011528963526700915,0.45930302960028463
2023-09-07,O,0.9898,0.8228,-0.009599999999999942,0.032200000000000006,0.8628333333333333,0.6429566666666666,0.299847653910374,0.29033963626912684
2023-09-07,OLP,0.9988,0.6705,,,0.9988,0.6705,,
2023-09-08,ADC,0.9961,0.3612,-0.0036000000000000476,-0.5170999999999999,0.9982200000000001,0.59024,0.0014024977718342312,0.2998180081315997
2023-09-08,AVB,0.9982,0.945,-0.0010999999999999899,0.008999999999999897,0.99875,0.9405,0.0007778174593052343,0.006363961030678855
2023-09-08,CWYUF,0.9965,0.7996,,,0.9965,0.7996,,
2023-09-08,FCPT,0.9954,0.886,-0.0013000000000000789,-0.05720000000000003,0.9973000000000001,0.9238333333333334,0.0022605309110915457,0.032767717853602975
2023-09-08,O,0.9999,0.9755,0.010099999999999998,0.15270000000000006,0.8629199999999999,0.68109,0.2998970773448782,0.32418117696744825
2023-09-08,OHI,0.9979,0.3818,-0.0014999999999999458,-0.5833999999999999,0.999,0.8150599999999999,0.000714142842854287,0.24485116499620743
2023-09-08,SRC,0.9989,0.8294,-0.00019999999999997797,-0.14659999999999995,0.9992666666666666,0.9255,0.00047258156262522936,0.08326109535671503
2023-09-08,UMH,0.9987,0.8658,,,0.9987,0.8658,,
2023-09-09,LANDM,0.999,0.5911,,,0.999,0.5911,,
2023-09-09,ORC,0.9994,0.9516,0.09499999999999997,1.5234999999999999,0.9519,0.18985000000000002,0.067175144212722,1.077277181137705
2023-09-09,SLG,0.8049,-0.9451,1.5869,-0.125,0.3387666666666666,-0.468,0.9751776778276527,0.7208229532971325
2023-09-10,GMRE,0.9982,0.9638,0.0028000000000000247,0.10470000000000002,0.997925,0.8426625,0.001730847576574392,0.11794608496399249
2023-09-10,HPP,-0.9617,-0.6838,-1.2953999999999999,-0.957,-0.314,-0.20529999999999998,0.9159861243490537,0.6767011895955259
2023-09-11,HASI,0.9989,0.83205,-0.0007000000000000339,-0.14695000000000003,0.99925,0.9055249999999999,0.000494974746830568,0.10390934149536314
2023-09-11,ILPT,0.9988,0.8689,0.0006000000000000449,-0.0353,0.9984999999999999,0.88655,0.00042426406871199957,0.024960869375885087
2023-09-11,MITT,0.999,0.8579,,,0.999,0.8579,,
2023-09-11,NNN,0.9993,0.9617,-0.000200000000000089,-0.0040000000000000036,0.9986200000000001,0.89444,0.0007563068160475731,0.07931537051543049
2023-09-11,O,0.9954,0.7783,-0.0045000000000000595,-0.19720000000000004,0.8622,0.81037,0.29949274615589583,0.1056495125402854
2023-09-11,STAG,0.999,0.9538,-0.0008000000000000229,0.04189999999999994,0.9971400000000001,0.9136200000000001,0.0037766387171663755,0.03622232736862722
2023-09-11,TWO,0.9993,0.9266,,,0.9993,0.9266,,
2023-09-12,LANDP,0.9991,0.9423,,,0.9991,0.9423,,
2023-09-12,MAA,0.9983,0.7506,-0.0013000000000000789,0.6990000000000001,0.9974399999999999,0.40152,0.0026311594402468573,0.5098013309123467
2023-09-12,NNN,0.997,0.6249,-0.0022999999999999687,-0.3368,0.99832,0.83432,0.0010545141061171377,0.14033774260689819
2023-09-12,VTR,0.9995,0.946,-0.00029999999999996696,-0.0038000000000000256,0.9985333333333334,0.9482333333333334,0.0019399312702602298,0.0019857828011475183
2023-09-12,WPC,0.999,0.9001,0.0018000000000000238,-0.02080000000000004,0.9989800000000001,0.90412,0.00105451410611717,0.024155993045205347
2023-09-13,AAIC,0.9991,0.9163,,,0.9991,0.9163,,
2023-09-13,AHT,0.9994,0.6666,0.0040999999999999925,-0.09999999999999998,0.9974999999999999,0.7730333333333332,0.002066397831977162,0.10979145382648563
2023-09-13,GMRE,0.9999,0.9628,0.0017000000000000348,-0.0010000000000000009,0.99832,0.86669,0.0017398275776639824,0.11541257730420892
2023-09-13,NLCP,0.9988,0.5267,-0.0005999999999999339,-0.4093000000000001,0.9813666666666666,0.555,0.030716499366518497,0.3676677712283197
2023-09-13,NLY,0.9997,0.975,-0.00019999999999997797,0.27469999999999994,0.9902799999999999,0.76156,0.011976727432817382,0.1711563700246062
2023-09-13,OHI,0.9982,-0.5859,0.00029999999999996696,-0.9677,0.9987,0.5180199999999999,0.0006595452979136254,0.6622380818104618
2023-09-13,REG,0.9984,0.836,,,0.9984,0.836,,
2023-09-14,ADC,0.9991,0.8746,0.0030000000000000027,0.5134000000000001,0.9982599999999999,0.67814,0.0014293355099485787,0.307296067335721
2023-09-14,CBL,0.9965,0.6705,,,0.9965,0.6705,,
2023-09-14,CMTG,0.9987,0.4678,,,0.9987,0.4678,,
2023-09-14,CTRE,0.9991,0.8126,0.006000000000000005,0.07020000000000004,0.9961,0.7775,0.004242640687119289,0.049638896039295666
2023-09-14,EPRT,0.9991,0.8885,0.0,0.26359999999999995,0.99878,0.8133800000000001,0.001008464178838287,0.1562071925360673
2023-09-14,VICI,0.9902,0.0812,-0.009500000000000064,-0.8795,0.99611,0.38889,0.003980012562794291,0.45795530404178086
2023-09-14,WPC,0.9996,0.9559,0.0006000000000000449,0.05579999999999996,0.99892,0.9197599999999999,0.0009959919678391535,0.027812551123548742
2023-09-15,EPR,0.9991,0.6956,-0.00029999999999996696,0.3138,0.93934,0.6928,0.1236891385692373,0.2197623716653968
2023-09-16,AMH,0.9948,0.8625,,,0.9948,0.8625,,
2023-09-16,BXMT,0.9946,0.8689,-0.0040999999999999925,-0.01959999999999995,0.99792,0.89262,0.002128849454517637,0.04766956051821746
2023-09-16,O,0.9996,0.7783,0.0042000000000000925,0.0,0.9968199999999999,0.8291000000000001,0.004334974048341351,0.08383940004556277
2023-09-17,MPW,0.9946,0.7346,-0.0035999999999999366,-0.02639999999999998,0.9965933333333334,0.39525333333333335,0.0022624224971371683,0.5968130074729344
2023-09-18,ABR,0.99545,0.85,-0.004250000000000087,-0.13370000000000004,0.9978899999999999,0.71144,0.0018656098198720312,0.4733618943261065
2023-09-18,AGNC,0.9997,0.2778,0.013600000000000056,-0.6212,0.99362,0.54412,0.00662774471445607,0.4756424886403653
2023-09-18,BRSP,0.9958,0.34,-0.0027000000000000357,0.28840000000000005,0.99715,0.1958,0.0019091883092036642,0.20392959569420033
2023-09-18,PLD,0.9958,0.9477,-0.0025500000000000522,0.07899999999999996,0.9982900000000001,0.76492,0.0015355780670484134,0.2479965765892747
2023-09-18,UE,0.9997,0.8918,,,0.9997,0.8918,,
2023-09-19,AMH,0.9994,0.891,0.0045999999999999375,0.02849999999999997,0.9971,0.87675,0.0032526911934580745,0.020152543263816585
2023-09-19,EQIX,0.9987,0.7286,-0.00039999999999995595,-0.23909999999999998,0.9983666666666666,0.4348,0.0009451631252505478,0.7258559567848155
2023-09-19,IRT,0.9994,0.8569,-0.00010000000000010001,-0.07050000000000001,0.99945,0.89215,7.071067811868621e-05,0.049851028073651604
2023-09-19,KIM,0.9993,0.7845,0.0004999999999999449,-0.17930000000000001,0.9992333333333333,0.8691333333333334,0.0004041451884327645,0.09007010232776098
2023-09-19,PLD,0.9998,0.8516,0.0040000000000000036,-0.09609999999999996,0.9983700000000001,0.8651199999999999,0.0016161683080669921,0.08896820780481081
2023-09-19,SRC,0.9993,0.9081,0.00039999999999995595,0.07869999999999999,0.999275,0.92115,0.0003862210075418573,0.06853682708344953
2023-09-19,WPC,0.9992,0.9451,-0.00040000000000006697,-0.01079999999999992,0.99892,0.9216,0.0009959919678391535,0.029405951778509284
2023-09-20,AMT,0.9995,0.9714,0.000500000000000056,0.011400000000000077,0.9994,0.93392,0.00030822070014602135,0.03103734846922334
2023-09-20,COLD,0.9984500000000001,0.91325,,,0.9984500000000001,0.91325,,
2023-09-20,FBRT,0.9986,0.9506,,,0.9986,0.9506,,
2023-09-20,MAC,0.9935,-0.2481,0.0047000000000000375,-1.0796999999999999,0.99115,0.29175,0.003323401871576839,0.7634631916471154
2023-09-20,O,0.9353,0.9141,-0.06430000000000002,0.13580000000000003,0.984,0.8538,0.027529347976292542,0.08776172286367157
2023-09-20,SBRA,0.9842,0.802,-0.006199999999999983,-0.12539999999999996,0.9873,0.8647,0.004384062043356583,0.08867119036079303
2023-09-20,SRC,0.9984,-0.3301,-0.0009000000000000119,-1.2382,0.9991,0.6708999999999999,0.0005147815070493127,0.5627151010946836
2023-09-21,AGNC,0.9989,0.92,-0.0008000000000000229,0.6422000000000001,0.9934800000000001,0.54192,0.0064754922592803925,0.473425957252029
2023-09-21,BFS,0.9995,0.8635,,,0.9995,0.8635,,
2023-09-21,BNL,0.9992,0.9201,0.0014999999999999458,0.5811,0.9985875,0.731125,0.0009852030247619146,0.2657596705672251
2023-09-21,CCI,0.9986,0.7951,-0.0007999999999999119,-0.16559999999999997,0.9988333333333334,0.8622666666666667,0.0004932882862315704,0.0871151154125008
2023-09-21,CTRE,0.9994,0.9432,0.00029999999999996696,0.13060000000000005,0.9972,0.8327333333333332,0.003553871128783365,0.1019027641103682
2023-09-21,KRC,0.9996,0.8739,0.0006000000000000449,0.1643,0.9973000000000001,0.8446000000000001,0.003477067730142788,0.12299589424041762
2023-09-21,MPW,0.9704,0.3038,-0.0242,-0.4308,0.9907333333333334,0.26127333333333336,0.011458790899954862,0.5021834892635249
2023-09-21,OLP,0.9979,0.8176,-0.0009000000000000119,0.1471,0.9983500000000001,0.74405,0.0006363961030679405,0.10401540751254115
2023-09-21,PECO,0.9979,0.886,0.0006000000000000449,-0.036599999999999966,0.9976,0.9043,0.00042426406871192107,0.025880108191427616
2023-09-21,SPG,0.9984,0.9701,-0.00010000000000010001,0.47619999999999996,0.9979000000000001,0.73026,0.0014713938969563717,0.26184646837412195
2023-09-21,SRC,0.9991,0.8176,0.0007000000000000339,1.1477,0.99896,0.6402,0.0003435112807462215,0.5461871336822207
2023-09-21,UDR,0.9982,0.9545,-0.0014000000000000679,-0.02729999999999999,0.9989,0.9681500000000001,0.0009899494936612145,0.01930401512639278
2023-09-21,WPC,0.99875,0.7149,-0.00044999999999995044,-0.23020000000000007,0.99875,0.8873800000000001,0.0009205976319761779,0.0988196943933749
2023-09-22,CIM,0.9994,0.7845,,,0.9994,0.7845,,
2023-09-22,NLCP,0.8667,0.3182,-0.1321,-0.20849999999999996,0.9527,0.4958,0.06257885691935684,0.3227046430819778
2023-09-22,O,0.9995499999999999,0.74065,0.06424999999999992,-0.17345,0.9859500000000001,0.83737,0.028375209250326248,0.10161284121605844
2023-09-22,PKST,0.9983,-0.3182,,,0.9983,-0.3182,,
2023-09-22,VICI,0.9988,0.9803,0.008600000000000052,0.8991,0.9970800000000001,0.44521999999999995,0.003912416133286475,0.5188548515721906
2023-09-22,WPC,0.9975,0.9118,-0.0012499999999999734,0.19690000000000007,0.99881,0.8855600000000001,0.0007956129712366973,0.09812939416912758
2023-09-23,EPRT,0.99885,0.8754500000000001,-0.00024999999999997247,-0.013049999999999895,0.9986499999999999,0.8554299999999999,0.0009313968005098168,0.1329070238926446
2023-09-24,WPC,0.9972,-0.1901,-0.000300000000000078,-1.1019,0.9984500000000001,0.66752,0.0010535653752853976,0.48929626199267034
2023-09-25,ACRE,0.997,0.4215,-0.0020999999999999908,-0.2643,0.99415,0.729125,0.0046148311633976416,0.2298282456531399
2023-09-25,AGNCM,0.9996,0.9153,0.0012000000000000899,0.11729999999999996,0.999,0.85665,0.0008485281374239206,0.082943625433182
2023-09-25,ARESF,0.9986,0.9169,-0.0004999999999999449,0.24640000000000006,0.99885,0.7937000000000001,0.00035355339059323483,0.17423111088436533
2023-09-25,EQR,0.9971,0.9153,-0.0025000000000000577,0.14359999999999995,0.9691000000000001,0.8613,0.05067790445549222,0.07813936267976591
2023-09-25,ESRT,0.9967,0.9217,1.9949,1.6118000000000001,-0.0007499999999999729,0.11579999999999996,1.4106073177890437,1.1397147099164773
2023-09-25,MAA,0.9995,0.9517,0.0012000000000000899,0.20109999999999995,0.99742,0.4412000000000001,0.0026109385285755346,0.5501513291813445
2023-09-25,NWH.DB.I:CA,0.9982,-0.296,,,0.9982,-0.296,,
2023-09-25,PCH,0.8305,-0.0094,-0.11870000000000003,0.7768,0.88985,-0.3978,0.08393357492684321,0.5492805476257101
2023-09-25,PLD,0.9863,-0.5106,-0.013500000000000068,-1.3622,0.9959900000000002,0.57626,0.005652035031738696,0.6128546263185096
2023-09-25,STAG,0.9988,0.846,-0.00019999999999997797,-0.1078,0.9988000000000001,0.90906,0.0006964194138593285,0.04389730060037863
2023-09-25,WPC,0.998875,0.385675,0.001674999999999982,0.5757749999999999,0.998305,0.553475,0.0008934483756772328,0.4714036480289476
2023-09-26,EARN,0.9981,0.9118,,,0.9981,0.9118,,
2023-09-26,FRT,0.9995,0.9595,-0.00029999999999996696,0.013500000000000068,0.9994800000000001,0.9205,0.0002863564212655586,0.06938548119023173
2023-09-26,IIPR,0.99585,0.7779,-0.0014499999999999513,-0.06699999999999995,0.99203,0.79522,0.012131858884771135,0.15989592552657492
2023-09-26,RITM,0.9957,0.9393,-0.0038000000000000256,0.052100000000000035,0.9976666666666668,0.9119333333333334,0.0019035055380359099,0.02614963352196993
2023-09-26,SAFE,0.9997,0.8983,-9.999999999998899e-05,-0.005900000000000016,0.9994400000000001,0.69428,0.00029664793948384216,0.3142232438887995
2023-09-26,SKT,0.9978,0.9393,0.0017666666666665831,0.3772333333333334,0.9969166666666667,0.7506833333333334,0.001249221980096214,0.2667442480896053
2023-09-26,WPC,0.9997,-0.8055,0.0008250000000000757,-1.1911749999999999,0.998405,0.203355,0.0010353743284437268,0.7016780664058125
2023-09-27,IIPR,0.9993,0.9153,0.003449999999999953,0.13739999999999997,0.99257,0.8692400000000001,0.01244224658170702,0.08182486174751526
2023-09-27,MAA.PR.I,0.9988,0.9493,,,0.9988,0.9493,,
2023-09-27,MHC.UN:CA,0.9978,0.9661,,,0.9978,0.9661,,
2023-09-27,NLY,0.9999,0.743,0.00019999999999997797,-0.23199999999999998,0.9950800000000001,0.8005000000000001,0.00927803858582195,0.12694589398637485
2023-09-27,WY,0.9904,0.9586,,,0.9904,0.9586,,
2023-09-28,AMT,0.9928,-0.1779,-0.006700000000000039,-1.1493,0.998,0.71334,0.0029146183283577194,0.49915922609924773
2023-09-28,CLPR,0.8332,-0.1531,,,0.8332,-0.1531,,
2023-09-28,CPT,0.9996,0.9393,0.0018000000000000238,0.4364,0.999,0.7999,0.0010392304845413482,0.2573704722768329
2023-09-28,DHC,0.9881,-0.8126,-0.010600000000000054,-1.7327,0.9934000000000001,0.05375000000000002,0.007495331880577481,1.2252039197619309
2023-09-28,LADR,0.9988,0.955,0.0029000000000000137,0.21989999999999998,0.997925,0.853675,0.001506375340566424,0.09461512828295483
2023-09-28,STWD,0.9997,0.8402,0.0,-0.0929000000000001,0.9963200000000001,0.9282600000000001,0.006567115043913895,0.05258263021188657
2023-09-28,WELL,0.9993,0.92615,0.0009000000000000119,0.09455000000000002,0.99885,0.8788750000000001,0.000636396103067862,0.06685694616118805
2023-09-29,ACRE,0.9987,-0.6306,0.0017000000000000348,-1.0521,0.99506,0.45718,0.004484751944087816,0.6398329328817016
2023-09-29,ADC,0.9996,0.9144,0.000500000000000056,0.03979999999999995,0.99842,0.67084,0.0015449919093639148,0.29953205671513694
2023-09-29,AMT,0.9985,0.91,0.005700000000000038,1.0879,0.9978,0.71204,0.002818687637890861,0.4985058806072401
2023-09-29,ARE,0.9988,0.9022,0.0043000000000000815,0.03154999999999997,0.99706,0.66305,0.00268570288751384,0.28909859477347866
2023-09-29,GRP.UN,0.9989,0.873,,,0.9989,0.873,,
2023-09-29,MHC.UN:CA,0.9996,0.9758,0.0018000000000000238,0.009700000000000042,0.9987,0.97095,0.0012727922061358025,0.00685893577750954
2023-09-29,NTST,0.9996,0.8807,0.00040000000000006697,-0.033299999999999996,0.9949,0.877375,0.009001481359568922,0.034067225207423876
2023-10-01,BNL,0.9994,0.8126,0.00019999999999997797,-0.10750000000000004,0.99875,0.74742,0.0009273618495495627,0.2330210011994627
2023-10-01,ESS,0.9707,0.7351,-0.027799999999999936,-0.19905000000000006,0.9845999999999999,0.834625,0.019657568516985937,0.14074960479518228
2023-10-01,FRT,0.9997,0.864,0.00019999999999997797,-0.09550000000000003,0.99956,0.9031,0.0002792848008753459,0.07072054157032454
2023-10-01,MPW,0.9964,-0.5498,0.025999999999999912,-0.8535999999999999,0.99086,0.18192000000000003,0.011531608734257306,0.6048673838123526
2023-10-01,O,0.9988,0.749,-0.0007499999999999174,0.008349999999999969,0.9857299999999999,0.79207,0.02824397280836746,0.07030218346538
2023-10-02,AMT,0.9991,0.8834,0.0005999999999999339,-0.026600000000000068,0.99778,0.70938,0.002806599365780372,0.49730825651702176
2023-10-02,ARE,0.9992,0.9337,0.00039999999999995595,0.03149999999999997,0.99814,0.6817500000000001,0.0020598543637840817,0.3059545881335987
2023-10-02,BXMT,0.9995,0.9659,0.0049000000000000155,0.09699999999999998,0.9978400000000001,0.8954600000000001,0.0020415680248279918,0.05227028792727275
2023-10-02,CIM,0.9982,0.7783,-0.0011999999999999789,-0.006199999999999983,0.9987999999999999,0.7814,0.0008485281374238028,0.004384062043356583
2023-10-02,KREF,0.9957,0.8402,-0.0021999999999999797,0.0131,0.9968,0.83365,0.0015556349186103902,0.009263098833543733
2023-10-02,MPW,0.9966,-0.296,0.000200000000000089,0.25379999999999997,0.99124,0.19072,0.011719556305594478,0.5956253117522793
2023-10-02,O,0.9912,0.8516,-0.007600000000000051,0.10260000000000002,0.98489,0.80673,0.02794535739617229,0.07424489544743083
2023-10-03,AFCG,0.9857,0.0,0.010299999999999976,0.4215,0.98055,-0.21075,0.0072831998462214225,0.29804550827012977
2023-10-03,ARI,0.9992,0.875,,,0.9992,0.875,,
2023-10-03,BDN,0.9964,-0.825,1.1107,-1.6324,0.74052,0.11314000000000005,0.4824965201947056,0.7358535982109484
2023-10-03,CLDT,0.9992,0.8591,-0.00040000000000006697,-0.08510000000000006,0.9991666666666666,0.6997666666666666,0.00045092497528232285,0.3522515341816602
2023-10-03,O,0.9868,0.8705,-0.0043999999999999595,0.018900000000000028,0.9823299999999999,0.82517,0.02682474603793675,0.07682349575487905
2023-10-03,PDM,0.9986,0.8306,0.012700000000000045,-0.011599999999999944,0.9918333333333335,0.7277999999999999,0.006390878917123496,0.18819011663740468
2023-10-03,PINE,0.9984,0.9617,-0.0006000000000000449,0.08379999999999999,0.9986999999999999,0.9198,0.00042426406871192107,0.05925554826343271
2023-10-03,STWD,0.9967,0.8689,-0.0030000000000000027,0.02870000000000006,0.9959,0.9155599999999999,0.0064346717087975965,0.05865098464646615
2023-10-03,TRNO,0.9978,0.92215,-0.0005999999999999339,0.33625000000000005,0.9981,0.754025,0.00042426406871188177,0.23776465517397669
2023-10-04,GNL,0.9034,-0.0516,-0.06230000000000002,0.7168,0.9536333333333333,-0.10869999999999998,0.04541853512976101,0.6330842203056398
2023-10-04,O,0.9993,0.6549,0.012499999999999956,-0.2156,0.99513,0.77333,0.0058143787286168425,0.08839371866824006
2023-10-04,RITM,0.9998,0.2263,0.0040999999999999925,-0.7130000000000001,0.9982,0.740525,0.001885028735413174,0.3434809104351119
2023-10-05,BHM,0.9982,0.5687,,,0.9982,0.5687,,
2023-10-05,CCI,0.9984,0.9007499999999999,-0.000200000000000089,0.10564999999999991,0.998725,0.8718874999999999,0.00045734742446704635,0.07368584639083228
2023-10-05,CPT,0.9899,0.886,-0.009700000000000042,-0.053300000000000014,0.9967250000000001,0.8214250000000001,0.004628444663167091,0.21450643152751078
2023-10-05,EPR,0.9902500000000001,0.16465,-0.008849999999999913,-0.53095,0.93855,0.53129,0.12326303176540804,0.2567258567032156
2023-10-05,MRPRF,0.9957,0.886,-0.0020000000000000018,0.20520000000000005,0.9967,0.7834,0.0014142135623730963,0.14509831149947958
2023-10-05,NRR.UN:CA,0.9991,0.0,,,0.9991,0.0,,
2023-10-05,VICI,0.9994,0.9375,0.0005999999999999339,-0.04279999999999995,0.99742,0.55636,0.004051172669734058,0.5597763910705774
2023-10-05,WPC,0.9972,0.9607,-0.0025000000000000577,1.7662,0.998095,0.252515,0.0011336335386712847,0.7531962011156188
2023-10-06,ABR,0.9991,0.6124,0.003650000000000042,-0.23759999999999992,0.9983700000000001,0.6528799999999999,0.0017901117283574983,0.46135819814976736
2023-10-06,IRM,0.997,0.9206,-0.0027000000000000357,0.007000000000000006,0.9980333333333333,0.9148,0.001457166199626311,0.005302829433425166
2023-10-06,NLY,0.9993,0.8735,-0.0006000000000000449,0.13050000000000006,0.99922,0.83704,0.001100908715562506,0.11300452645801372
2023-10-07,FR,0.9986,0.9055,-0.0004999999999999449,-0.07550000000000001,0.99885,0.9432499999999999,0.00035355339059323483,0.05338656197958431
2023-10-08,AIV,0.9998,0.4767,0.000500000000000056,-0.4828,0.9995499999999999,0.7181,0.0003535533905933526,0.3413911539568651
2023-10-08,BXP,0.9987,0.7402,0.0045000000000000595,-0.031500000000000083,0.99738,0.7856,0.002167256330017311,0.07527625787723509
2023-10-08,KIM,0.9984,0.8979,-0.0009000000000000119,0.11340000000000006,0.999025,0.876325,0.0005315072906367969,0.07493527762898683
2023-10-08,LTC,0.9966,0.738,-0.0014999999999999458,-0.2098,0.99735,0.8429,0.0010606601717797438,0.14835100269293766
2023-10-08,OUT,0.9949,0.3716,-0.0022999999999999687,0.7116,0.99605,0.01579999999999998,0.0016263455967290372,0.5031771854923472
2023-10-09,ARR,0.9989,-0.34,0.005099999999999993,-1.289,0.9971,0.3466666666666667,0.002861817604250836,0.648624955836062
2023-10-09,CTO,0.999,0.9287,0.006700000000000039,0.6327,0.9965999999999999,0.5581333333333333,0.0037322915213043465,0.3299934292275125
2023-10-09,DOC,0.9987,0.9721,,,0.9987,0.9721,,
2023-10-09,LAMR,0.9897,0.9124,-0.008900000000000019,-0.025800000000000045,0.9941500000000001,0.9253,0.006293250352560326,0.018243354954612958
2023-10-09,O,0.999,0.8807,-0.00029999999999996696,0.2258,0.99502,0.80134,0.00571419285637021,0.09719996399176259
2023-10-09,OHI,0.9981,0.8979,-9.999999999998899e-05,1.4838,0.9985799999999999,0.5073799999999999,0.0007120393247566835,0.6539154356642761
2023-10-09,UE,0.9996,0.5267,-9.999999999998899e-05,-0.3651000000000001,0.99965,0.7092499999999999,7.071067811864696e-05,0.25816468581120855
2023-10-09,UNIT,0.9989,0.0889,0.0030000000000000027,-0.8723000000000001,0.9974000000000001,0.52505,0.002121320343559605,0.6168092452290255
2023-10-10,DLR,0.9936,0.8689,-0.00539999999999996,0.05130000000000001,0.99725,0.8155,0.00259422435421453,0.14087973594523806
2023-10-10,EXR,0.99535,0.68345,-0.004550000000000054,-0.29835,0.99657,0.69607,0.004837044552203343,0.38335786414263107
2023-10-10,OHI,0.9985,0.6133,0.00040000000000006697,-0.2846000000000001,0.99842,0.45446,0.0005890670590008776,0.6265686179501812
2023-10-10,PLYM,0.9997,0.6597,0.0024000000000000687,0.2909999999999999,0.9986666666666667,0.6110333333333333,0.0012342339054382632,0.22203678373939154
2023-10-10,SPG,0.9997,0.6969,0.0013000000000000789,-0.2732,0.9983000000000001,0.70612,0.0016628289148317393,0.2573058530232067
2023-10-10,WPC,0.9963,0.0258,-0.0009000000000000119,-0.9349,0.997855,0.075315,0.001389289386701152,0.6574499694843704
2023-10-11,BTB.UN:CA,0.9977,0.9423,-0.00029999999999996696,0.25150000000000006,0.99785,0.81655,0.00021213203435594088,0.17783735546841672
2023-10-11,GPMT,0.5812,0.2263,-0.41659999999999997,0.4995,0.7895000000000001,-0.02345,0.2945806850423157,0.3531998372026805
2023-10-11,IIPR,0.9995,0.9072,0.000200000000000089,-0.008099999999999996,0.9924900000000001,0.8535600000000001,0.012384486263063162,0.057994034175939034
2023-10-11,MPW,0.6458,0.9246,-0.3508,1.2206,0.9207599999999999,0.22344000000000003,0.1541043412756436,0.6377863341276606
2023-10-11,NLY,0.9982,0.0403,-0.0010999999999999899,-0.8332,0.9994,0.66642,0.0007141428428553246,0.3664499788511386
2023-10-11,PSA,0.9989,0.9843,0.0018000000000000238,1.0962,0.9982333333333333,0.5802833333333334,0.0009865765724632776,0.6022405091268216
2023-10-11,SAFE,0.9998,-0.1779,9.999999999998899e-05,-1.0762,0.9995800000000001,0.47230000000000005,0.0002588435821109132,0.46172408968993595
2023-10-11,VNO,0.9991,0.6998,0.006199999999999983,0.20589999999999997,0.9961,0.408825,0.003698648401781412,0.6017539163423312
2023-10-11,WPC,0.9991,0.9468,0.0028000000000000247,0.9209999999999999,0.998235,0.302695,0.0014247368178019362,0.7347609322936267
2023-10-12,ABR,0.9996,0.9705,0.000500000000000056,0.3581,0.99835,0.8731,0.0017720045146678032,0.15488936374070378
2023-10-12,BRT,0.9969,0.2732,-0.002850000000000019,-0.3618,0.998325,0.4541,0.002015254326381674,0.2558312334332929
2023-10-12,ESS,0.9983,0.8511,0.027599999999999958,0.11599999999999999,0.9891666666666666,0.8401166666666667,0.015992915098046755,0.09997850185581565
2023-10-12,NNN,0.9995,0.8316,0.0025000000000000577,0.2067,0.99864,0.8366199999999999,0.0011349008767289161,0.14014052590168202
2023-10-12,PLD,0.9996,0.9169,0.01330000000000009,1.4275000000000002,0.99597,0.61486,0.005635778562009111,0.6303077446771538
2023-10-12,SGR.U:CA,0.9987,0.128,-0.00019999999999997797,-0.8457,0.9988,0.5508500000000001,0.00014142135623729392,0.5980002048494633
2023-10-13,ADC,0.9997,0.8126,9.999999999998899e-05,-0.1018,0.9988400000000001,0.76822,0.0015517731793016376,0.23045485892035356
2023-10-13,CDP,0.9988,0.9618,0.0008000000000000229,0.10229999999999995,0.9984,0.91065,0.0005656854249492934,0.07233702371538381
2023-10-13,MAA,0.9984999999999999,0.9412499999999999,-0.001000000000000112,-0.01045000000000007,0.99786,0.69469,0.002559882809817695,0.3709876284999271
2023-10-13,REXR,0.9975,0.34,-0.0021999999999999797,-0.1427,0.99895,0.674025,0.0009882644720248732,0.3095450680703323
2023-10-13,VICI,0.9998,0.8948,0.00040000000000006697,-0.04269999999999996,0.9975799999999999,0.7708999999999999,0.004143911195959708,0.38686730929350965
2023-10-13,WFG,0.9995,0.8658,,,0.9995,0.8658,,
2023-10-14,AVB,0.9964,0.9231,-0.0018000000000000238,-0.02189999999999992,0.9979666666666667,0.9347,0.0014640127503998982,0.011007724560507448
2023-10-14,NNN,0.9982,0.9313,-0.0013000000000000789,0.09970000000000001,0.9987,0.86304,0.001093160555453804,0.14372841751024748
2023-10-14,SPG,0.9998,0.8326,9.999999999998899e-05,0.13570000000000004,0.99916,0.68106,0.0006655824516922966,0.23145691391703993
2023-10-16,CUZ,0.9911,0.931,-0.007900000000000018,1.0590000000000002,0.99505,0.4015,0.005586143571373738,0.7488260812765539
2023-10-16,GMRE,0.9955,0.8176,-0.0043999999999999595,-0.1452,0.9976,0.8568199999999999,0.0020530465167647722,0.11747651680229543
2023-10-16,IIPR,0.9999,0.9824,0.00039999999999995595,0.07520000000000004,0.9983699999999999,0.8855400000000001,0.0017304623659585964,0.07741875095866625
2023-10-16,LXP,0.9985,0.296,-0.0008999999999999009,-0.6617999999999999,0.99895,0.6269,0.0006363961030678226,0.4679632677892571
2023-10-16,NXDT,0.997,0.9548,,,0.997,0.9548,,
2023-10-16,NXRT,0.916,0.8807,-0.08229999999999993,-0.017199999999999993,0.95715,0.8893,0.058194888091652776,0.012162236636408573
2023-10-16,O,0.9998,0.9451,0.0008000000000000229,0.06440000000000001,0.99522,0.84056,0.005894234471056613,0.10957617441761648
2023-10-16,ONL,0.9985,0.9377,0.13250000000000006,1.7602,0.93225,0.057599999999999985,0.09369164850721759,1.2446493562445609
2023-10-16,PK,0.9991,-0.2973,4.999999999999449e-05,-1.1231,0.9990749999999999,0.26425,3.5355339059362736e-05,0.7941516259506115
2023-10-16,REXR,0.9993,0.4779,0.0017999999999999128,0.13789999999999997,0.99902,0.6348,0.0008700574693662159,0.28205782208618146
2023-10-17,ELS,0.9986,0.8885,0.00044999999999995044,0.033950000000000036,0.998375,0.8715249999999999,0.0003181980515339506,0.024006275221283353
2023-10-17,HPP,0.996,0.9072,1.9577,1.591,0.12266666666666666,0.16553333333333334,0.9957653455173731,0.8009458991301056
2023-10-17,NLCP,0.9996,0.9732,0.13290000000000002,0.655,0.9620799999999999,0.59128,0.058112021131604095,0.3516900154966018
2023-10-17,NSA,0.9993,0.9648,-0.000300000000000078,0.4074,0.99945,0.7611,0.00021213203435598016,0.28807530265539943
2023-10-17,O,0.9983,-0.1779,-0.0015000000000000568,-1.123,0.99664,0.63466,0.005527476820375671,0.4672238735338768
2023-10-17,PEAK,0.9993,0.7003,-0.00040000000000006697,-0.26249999999999996,0.9980333333333333,0.8230833333333334,0.002548201980482165,0.13206670978461352
2023-10-17,RITM,0.9907,0.8402,-0.009099999999999997,0.6138999999999999,0.9967,0.7604599999999999,0.0037302814907188946,0.3007845956826912
2023-10-17,SRC,0.9797,0.2648,-0.019399999999999973,-0.5528,0.9950800000000001,0.49796000000000007,0.008604185028228906,0.5292173400409326
2023-10-17,SUI,0.9932,0.7184,-0.006199999999999983,-0.12209999999999999,0.9974333333333334,0.8432666666666666,0.0036692415201691475,0.12627273392674015
2023-10-17,UHT,0.9948,-0.2023,-0.0047000000000000375,-1.186,0.99715,0.3907,0.0033234018715767605,0.8386286424872454
2023-10-17,WPC,0.9993,0.6249,0.00019999999999997797,-0.32189999999999996,0.99832,0.35053999999999996,0.001483913744124085,0.7491627279837135
2023-10-18,CHP.UN:CA,0.9988,0.4767,-0.0008000000000000229,-0.38580000000000003,0.9992000000000001,0.6696,0.0005656854249492934,0.27280179618177003
2023-10-18,FPI,0.9976,0.846,-0.0022999999999999687,-0.05790000000000006,0.9990333333333333,0.9037000000000001,0.0012503332889007104,0.05760026041607797
2023-10-18,HTIA,0.9982,0.7003,-0.00040000000000006697,-0.09029999999999994,0.9984,0.74545,0.0002828427124746271,0.06385174234114516
2023-10-18,NSA,0.999,0.91,-0.00029999999999996696,-0.05479999999999996,0.9993,0.8107333333333333,0.00029999999999998084,0.22109747473305374
2023-10-18,PK,0.9928,0.886,-0.006299999999999972,1.1833,0.9969833333333332,0.4715,0.003622959195648374,0.66648037480484
2023-10-18,VICI,0.9998,0.9538,0.0,0.05899999999999994,0.9976,0.76952,0.0041569219381653285,0.38603241703255964
2023-10-19,ADC,0.9999,-0.24,0.00019999999999997797,-1.0526,0.99888,0.5445599999999999,0.001581771159175651,0.49160674120683084
2023-10-19,BXMT,0.9959,0.836,-0.0036000000000000476,-0.12990000000000002,0.99716,0.89678,0.0019994999374844235,0.05022844811458938
2023-10-19,DLR,0.998,0.891,0.0043999999999999595,0.02210000000000001,0.9974000000000001,0.8306000000000001,0.0022715633383200784,0.12659137016400446
2023-10-20,MPW,0.9977,0.8885,0.3519,-0.03610000000000002,0.9213799999999999,0.25422,0.15448146167097213,0.6714478475652446
2023-10-20,O,0.9975,0.011699999999999988,-0.0007999999999999119,0.1896,0.99878,0.46290000000000003,0.000898331787141088,0.5143305746307527
2023-10-20,PLD,0.9998,0.9771,0.00019999999999997797,0.06019999999999992,0.99626,0.63654,0.0058230576160640335,0.6429588579372711
2023-10-20,RHP,0.9994,0.4215,0.0021999999999999797,-0.4696,0.9983,0.6563,0.0015556349186103902,0.33205734444520274
2023-10-21,AGNC,0.999,0.9022,9.999999999998899e-05,-0.017800000000000038,0.9941600000000002,0.75546,0.006917224877073201,0.27289673504825956
2023-10-21,HIW,0.9981,0.9493,0.010399999999999965,1.0265,0.9948333333333333,0.6199666666666667,0.006184927916583464,0.6040708429756674
2023-10-22,SITC,0.9992,0.5541,,,0.9992,0.5541,,
2023-10-23,AIRC,0.9929,0.9001,-0.005700000000000038,0.0,0.9968666666666667,0.9245666666666666,0.0034443189941312582,0.04237750975851859
2023-10-23,ARE,0.9992,0.6549,0.0,-0.27879999999999994,0.9980800000000001,0.7298500000000001,0.0020141995928904958,0.27023586457019355
2023-10-23,HR,0.9997,0.95,,,0.9997,0.95,,
2023-10-23,O,0.9996,0.966,0.0020999999999999908,0.9542999999999999,0.9988400000000001,0.52512,0.0009502631213448445,0.5601412161232203
2023-10-24,AGNC,0.9989,-0.5719,-9.999999999998899e-05,-1.4741,0.9965200000000001,0.4854200000000001,0.005834552253601006,0.6508927346345171
2023-10-24,CCI,0.9989,0.9271,0.000500000000000056,0.026350000000000096,0.9987600000000001,0.88293,0.00040373258476370595,0.06842431585335727
2023-10-24,MPW,0.9951,-0.4757,-0.0026000000000000467,-1.3641999999999999,0.9263200000000001,0.09832,0.15681816540184376,0.7436682439098767
2023-10-24,NTST,0.9994,0.7351,-0.000200000000000089,-0.14560000000000006,0.9958,0.84892,0.008051086883148135,0.07013463481048436
2023-10-24,REXR,0.9997,0.9367,0.00040000000000006697,0.4588,0.99908,0.62974,0.0009121403400792819,0.27485551295180527
2023-10-24,SBAC,0.9993,0.875,0.0007999999999999119,-0.029200000000000004,0.9987666666666667,0.45553333333333335,0.0004618802153516498,0.7519672687912243
2023-10-24,VICI,0.9999,0.9761,9.999999999998899e-05,0.022299999999999986,0.99954,0.9484999999999999,0.000456070170039478,0.034661866654870234
2023-10-25,EPRT,0.9986,0.9838,-0.00024999999999997247,0.10834999999999995,0.99853,0.86571,0.0008800568163476045,0.14202393460258733
2023-10-25,FR,0.9973,0.9042,-0.0013000000000000789,-0.0012999999999999678,0.9983333333333334,0.9302333333333334,0.0009291573243177626,0.043970027670372565
2023-10-25,KRC,0.9973,0.775,-0.0023000000000000798,-0.09889999999999999,0.9973,0.8272,0.0028390139133157156,0.1062843669909487
2023-10-25,RC,-0.8431,0.6647,-1.8321999999999998,0.6388999999999999,0.3814666666666667,0.36413333333333336,1.0605160363395423,0.3211199827686426
2023-10-26,AMT,0.9992,0.6486,9.999999999998899e-05,-0.2348,0.9978199999999999,0.6471,0.0028296642910421,0.47716659564558783
2023-10-26,EPRT,0.9926,0.9118,-0.006000000000000005,-0.07199999999999995,0.9976500000000001,0.8568899999999999,0.0028306359709435193,0.1362757150045451
2023-10-26,MPW,0.9986,0.0731,0.0035000000000000586,0.5488,0.92676,0.22290000000000001,0.15706684245887173,0.654817810539695
2023-10-26,NLY,0.99575,0.051750000000000004,-0.002449999999999952,0.011450000000000002,0.99857,0.53671,0.0017079227148795776,0.45543668110945995
2023-10-26,PSTL,0.9993,0.9809,-0.00040000000000006697,0.03959999999999997,0.9995,0.9611000000000001,0.00028284271247470564,0.02800142853498722
2023-10-26,WPC,0.9692,0.8686,-0.030100000000000016,0.24370000000000003,0.99222,0.68536,0.012930854573461156,0.3925604068165813
2023-10-27,ADC,0.9988,0.5426,-0.0010999999999999899,0.7826,0.99942,0.58084,0.000454972526642792,0.48127708027704785
2023-10-27,EPRT,0.998,0.9726,0.00539999999999996,0.060799999999999965,0.9974299999999999,0.9264300000000001,0.0027307508125054667,0.04917994509960311
2023-10-27,MPW,0.9993333333333334,0.8295333333333333,0.0007333333333333636,0.7564333333333333,0.9273066666666667,0.4480066666666668,0.1573751416908727,0.6246053142229543
2023-10-27,NTST,0.9942,-0.3612,-0.005199999999999982,-1.0963,0.9983600000000001,0.61036,0.002329806858947796,0.5475425855584203
2023-10-27,SLG,0.9967,0.1531,0.19180000000000008,1.0982,0.50325,-0.31272500000000003,0.8615103423639208,0.6654560760611227
2023-10-27,STAG,0.9993,0.9169,0.0004999999999999449,0.07090000000000007,0.99896,0.9147399999999999,0.0007021395872618083,0.04238316882914728
2023-10-28,BXMT,0.9995,0.9595,0.0036000000000000476,0.12350000000000005,0.9976400000000002,0.9037600000000001,0.0022534418119845487,0.057025941465266454
2023-10-28,EXR,0.9998,0.9818,0.004450000000000065,0.29835,0.9965499999999998,0.72611,0.004820010373432829,0.4020616407965326
2023-10-28,RWT,0.9963,0.8225,-0.0028000000000000247,0.17390000000000005,0.9977,0.7355499999999999,0.0019798989873223895,0.1229658692483407
2023-10-28,STAG,0.9994,0.9403,9.999999999998899e-05,0.023399999999999976,0.9992599999999999,0.91378,0.0003847076812337201,0.041570145537392585
2023-10-29,HIW,0.9992,0.9798,0.0010999999999999899,0.03049999999999997,0.995925,0.709925,0.005501742148325997,0.5250121228759072
2023-10-29,PEAK,0.9989,0.9592,-0.00039999999999995595,0.2589,0.99825,0.8571125,0.0021252450839059976,0.12751345272166384
2023-10-30,ABR,0.9966,-0.1406,-0.0030000000000000027,-1.1111,0.99809,0.6552,0.0019417775361773367,0.4691489262483715
2023-10-30,DEA,0.9917,0.8126,-0.007199999999999984,-0.1501,0.46890000000000004,0.30906666666666666,0.9117586522759189,1.004942049738856
2023-10-30,O,0.9989,0.16590000000000005,-0.0007000000000000339,-0.8000999999999999,0.99882,0.38216,0.0009471008392922433,0.5374585546811962
2023-10-31,AP.UN:CA,0.9992,0.9118,,,0.9992,0.9118,,
2023-10-31,AVB,0.9994,0.3832,0.0030000000000000027,-0.5399,0.9983249999999999,0.796825,0.0013937359864766524,0.2758964343734801
2023-10-31,ELME,0.9989,0.7964,-0.00039999999999995595,-0.13360000000000005,0.9991,0.8632,0.00028284271247458785,0.09446946596652275
2023-10-31,EQIX,0.9998,0.9377,0.0010999999999999899,0.20909999999999995,0.998725,0.5605249999999999,0.0010531698185320094,0.6437947518425419
2023-10-31,LADR,0.9988,0.8074,0.0,-0.14759999999999995,0.9981,0.8444200000000001,0.0013619838471876152,0.08451208197648429
2023-10-31,O,0.9984,0.5892,-0.000500000000000056,0.4232999999999999,0.99854,0.31098,0.0007765307461964525,0.4626224021813042
2023-10-31,RITM,0.9996,0.93,0.008900000000000019,0.0898000000000001,0.9970600000000001,0.7646,0.003943729199628188,0.3034758062844549
2023-10-31,SPG,0.9989,0.9413,-0.0009000000000000119,0.10870000000000002,0.9990600000000001,0.78696,0.0006580273550550264,0.19585649848805134
2023-10-31,TWO,0.9912,-0.4198,-0.008099999999999996,-1.3464,0.99525,0.25339999999999996,0.005727564927611032,0.9520485701895676
2023-11-01,ALX,0.8792,-0.4939,-0.11940000000000006,0.3135,0.9389000000000001,-0.65065,0.08442854967367386,0.2216779759019826
2023-11-01,CPT,0.9989,0.597,0.009000000000000008,-0.28900000000000003,0.99716,0.77654,0.004124681805909397,0.21114704118220556
2023-11-01,DX,0.9992,-0.3687,1.3601,-1.3,0.31915,0.2813,0.9617359330918233,0.9192388155425119
2023-11-01,GTY,0.9987,0.9042,0.0023000000000000798,0.8036,0.9975499999999999,0.5024,0.001626345596729155,0.5682310093615096
2023-11-01,MPW,0.9993,0.1779,-3.3333333333440684e-05,-0.6516333333333333,0.9980066666666667,0.2986666666666667,0.0017555309421529563,0.5689532982201223
2023-11-01,O,0.9990666666666668,0.7855333333333333,0.0006666666666668153,0.19633333333333336,0.9986933333333334,0.5036666666666666,0.000792814956559082,0.40516490538490096
2023-11-01,SITC,0.9987,0.9201,-0.0004999999999999449,0.366,0.99895,0.7371000000000001,0.00035355339059323483,0.25880108191427637
2023-11-02,AMT,0.9982500000000001,0.91455,-0.0009499999999998954,0.26595,0.99757,0.6357299999999999,0.0026962010310803593,0.4680984052525707
2023-11-02,ARE,0.999,0.018000000000000016,-0.00019999999999997797,-0.6369,0.99814,0.67589,0.002041568024828035,0.3836904683465567
2023-11-02,MPW,0.9861,0.3182,-0.01319999999999999,0.14029999999999998,0.9956866666666666,0.1846066666666667,0.005636714961351636,0.46964379965624525
2023-11-02,O,0.9991,-0.6249,3.333333333321864e-05,-1.4104333333333332,0.9990133333333333,0.3763466666666667,0.00043114833720739277,0.6338797224675639
2023-11-03,ARE,0.9991,0.743,9.999999999998899e-05,0.725,0.9990600000000001,0.65036,0.00016733200530778708,0.37154639414210444
2023-11-03,BNL,0.9988,0.7269,-0.0005999999999999339,-0.0857,0.9985800000000001,0.73222,0.0007886697661251977,0.2309669824888397
2023-11-03,DLR,0.9995,0.9666,0.0015000000000000568,0.0756,0.99786,0.8995799999999999,0.0024470390270692356,0.06157736597159714
2023-11-03,EPR,0.9999,0.9545,0.009649999999999936,0.78985,0.99487,0.59971,0.006502845530996096,0.3212296888520736
2023-11-03,NLY,0.9993,0.9383,0.003549999999999942,0.8865500000000001,0.99849,0.52937,0.0016501515081960196,0.446821359158221
2023-11-03,O,0.9994,0.9161666666666667,0.00029999999999996696,1.5410666666666666,0.9989733333333334,0.36638000000000004,0.0003677257429254399,0.6225817048566578
2023-11-03,PINE,0.9992,0.7425,0.0008000000000000229,-0.21919999999999995,0.9988666666666667,0.8607,0.00041633319989325626,0.1106075946759534
2023-11-04,EFRTF,0.9988,-0.2263,-0.00019999999999997797,-1.0378,0.9989,0.29259999999999997,0.00014142135623729392,0.7338354175153989
