,open,high,low,close,adjclose,volume,ticker,MFI,MACD_12_26_9,MACDh_12_26_9,MACDs_12_26_9,%B,BBL_5_2.0,BBM_5_2.0,BBU_5_2.0,BBB_5_2.0,BBP_5_2.0
2022-01-03,13.899999618530273,13.899999618530273,13.899999618530273,13.899999618530273,11.74386978149414,0,WRDEF,,,,,,,,,,
2022-01-04,13.899999618530273,13.899999618530273,13.899999618530273,13.899999618530273,11.74386978149414,0,WRDEF,,,,,,,,,,
2022-01-05,13.899999618530273,13.899999618530273,13.899999618530273,13.899999618530273,11.74386978149414,0,WRDEF,,,,,,,,,,
2022-01-06,13.899999618530273,13.899999618530273,13.899999618530273,13.899999618530273,11.74386978149414,0,WRDEF,,,,,,,,,,
2022-01-07,13.899999618530273,13.899999618530273,13.899999618530273,13.899999618530273,11.74386978149414,0,WRDEF,,,,,,13.899999618530273,13.899999618530273,13.899999618530273,1.5974432447395228e-15,1.0
2022-01-10,13.899999618530273,13.899999618530273,13.899999618530273,13.899999618530273,11.74386978149414,0,WRDEF,,,,,,13.899999618530273,13.899999618530273,13.899999618530273,1.5974432447395228e-15,1.0
2022-01-11,13.899999618530273,13.899999618530273,13.899999618530273,13.899999618530273,11.74386978149414,0,WRDEF,,,,,,13.899999618530273,13.899999618530273,13.899999618530273,1.5974432447395228e-15,1.0
2022-01-12,13.899999618530273,13.899999618530273,13.899999618530273,13.899999618530273,11.74386978149414,0,WRDEF,,,,,,13.899999618530273,13.899999618530273,13.899999618530273,1.5974432447395228e-15,1.0
2022-01-13,13.899999618530273,13.899999618530273,13.899999618530273,13.899999618530273,11.74386978149414,0,WRDEF,,,,,,13.899999618530273,13.899999618530273,13.899999618530273,1.5974432447395228e-15,1.0
2022-01-14,13.899999618530273,13.899999618530273,13.899999618530273,13.899999618530273,11.74386978149414,0,WRDEF,,,,,,13.899999618530273,13.899999618530273,13.899999618530273,1.5974432447395228e-15,1.0
2022-01-18,13.899999618530273,13.899999618530273,13.899999618530273,13.899999618530273,11.74386978149414,0,WRDEF,,,,,,13.899999618530273,13.899999618530273,13.899999618530273,1.5974432447395228e-15,1.0
2022-01-19,13.899999618530273,13.899999618530273,13.899999618530273,13.899999618530273,11.74386978149414,0,WRDEF,,,,,,13.899999618530273,13.899999618530273,13.899999618530273,1.5974432447395228e-15,1.0
2022-01-20,13.899999618530273,13.899999618530273,13.899999618530273,13.899999618530273,11.74386978149414,0,WRDEF,,,,,,13.899999618530273,13.899999618530273,13.899999618530273,1.5974432447395228e-15,1.0
2022-01-21,13.899999618530273,13.899999618530273,13.899999618530273,13.899999618530273,11.74386978149414,0,WRDEF,,,,,,13.899999618530273,13.899999618530273,13.899999618530273,1.5974432447395228e-15,1.0
2022-01-24,13.899999618530273,13.899999618530273,13.899999618530273,13.899999618530273,11.74386978149414,0,WRDEF,,,,,,13.899999618530273,13.899999618530273,13.899999618530273,1.5974432447395228e-15,1.0
2022-01-25,13.899999618530273,13.899999618530273,13.899999618530273,13.899999618530273,11.74386978149414,0,WRDEF,,,,,,13.899999618530273,13.899999618530273,13.899999618530273,1.5974432447395228e-15,1.0
2022-01-26,13.899999618530273,13.899999618530273,13.899999618530273,13.899999618530273,11.74386978149414,0,WRDEF,,,,,,13.899999618530273,13.899999618530273,13.899999618530273,1.5974432447395228e-15,1.0
2022-01-27,13.899999618530273,13.899999618530273,13.899999618530273,13.899999618530273,11.74386978149414,0,WRDEF,,,,,,13.899999618530273,13.899999618530273,13.899999618530273,1.5974432447395228e-15,1.0
2022-01-28,13.899999618530273,13.899999618530273,13.899999618530273,13.899999618530273,11.74386978149414,0,WRDEF,,,,,,13.899999618530273,13.899999618530273,13.899999618530273,1.5974432447395228e-15,1.0
2022-01-31,13.899999618530273,13.899999618530273,13.899999618530273,13.899999618530273,11.74386978149414,0,WRDEF,,,,,,13.899999618530273,13.899999618530273,13.899999618530273,1.5974432447395228e-15,1.0
2022-02-01,13.899999618530273,13.899999618530273,13.899999618530273,13.899999618530273,11.74386978149414,0,WRDEF,,,,,,13.899999618530273,13.899999618530273,13.899999618530273,1.5974432447395228e-15,1.0
2022-02-02,13.899999618530273,13.899999618530273,13.899999618530273,13.899999618530273,11.74386978149414,0,WRDEF,,,,,,13.899999618530273,13.899999618530273,13.899999618530273,1.5974432447395228e-15,1.0
2022-02-03,13.899999618530273,13.899999618530273,13.899999618530273,13.899999618530273,11.74386978149414,0,WRDEF,,,,,,13.899999618530273,13.899999618530273,13.899999618530273,1.5974432447395228e-15,1.0
2022-02-04,13.899999618530273,13.899999618530273,13.899999618530273,13.899999618530273,11.74386978149414,0,WRDEF,,,,,,13.899999618530273,13.899999618530273,13.899999618530273,1.5974432447395228e-15,1.0
2022-02-07,13.899999618530273,13.899999618530273,13.899999618530273,13.899999618530273,11.74386978149414,0,WRDEF,,,,,,13.899999618530273,13.899999618530273,13.899999618530273,1.5974432447395228e-15,1.0
2022-02-08,13.899999618530273,13.899999618530273,13.899999618530273,13.899999618530273,11.74386978149414,0,WRDEF,,0.0,,,,13.899999618530273,13.899999618530273,13.899999618530273,1.5974432447395228e-15,1.0
2022-02-09,13.899999618530273,13.899999618530273,13.899999618530273,13.899999618530273,11.74386978149414,0,WRDEF,,0.0,,,,13.899999618530273,13.899999618530273,13.899999618530273,1.5974432447395228e-15,1.0
2022-02-10,13.899999618530273,13.899999618530273,13.899999618530273,13.899999618530273,11.74386978149414,0,WRDEF,,0.0,,,,13.899999618530273,13.899999618530273,13.899999618530273,1.5974432447395228e-15,1.0
2022-02-11,13.899999618530273,13.899999618530273,13.899999618530273,13.899999618530273,11.74386978149414,0,WRDEF,,0.0,,,,13.899999618530273,13.899999618530273,13.899999618530273,1.5974432447395228e-15,1.0
2022-02-14,13.899999618530273,13.899999618530273,13.899999618530273,13.899999618530273,11.74386978149414,0,WRDEF,,0.0,,,,13.899999618530273,13.899999618530273,13.899999618530273,1.5974432447395228e-15,1.0
2022-02-15,13.899999618530273,13.899999618530273,13.899999618530273,13.899999618530273,11.74386978149414,0,WRDEF,,0.0,,,,13.899999618530273,13.899999618530273,13.899999618530273,1.5974432447395228e-15,1.0
2022-02-16,13.899999618530273,13.899999618530273,13.899999618530273,13.899999618530273,11.74386978149414,0,WRDEF,,0.0,,,,13.899999618530273,13.899999618530273,13.899999618530273,1.5974432447395228e-15,1.0
2022-02-17,13.899999618530273,13.899999618530273,13.899999618530273,13.899999618530273,11.74386978149414,0,WRDEF,,0.0,,,,13.899999618530273,13.899999618530273,13.899999618530273,1.5974432447395228e-15,1.0
2022-02-18,13.899999618530273,13.899999618530273,13.899999618530273,13.899999618530273,11.74386978149414,0,WRDEF,,0.0,0.0,0.0,,13.899999618530273,13.899999618530273,13.899999618530273,1.5974432447395228e-15,1.0
2022-02-22,13.899999618530273,13.899999618530273,13.899999618530273,13.899999618530273,11.74386978149414,0,WRDEF,,0.0,0.0,0.0,,13.899999618530273,13.899999618530273,13.899999618530273,1.5974432447395228e-15,1.0
2022-02-23,13.899999618530273,13.899999618530273,13.899999618530273,13.899999618530273,11.74386978149414,0,WRDEF,,0.0,0.0,0.0,,13.899999618530273,13.899999618530273,13.899999618530273,1.5974432447395228e-15,1.0
2022-02-24,13.899999618530273,13.899999618530273,13.899999618530273,13.899999618530273,11.74386978149414,0,WRDEF,,0.0,0.0,0.0,,13.899999618530273,13.899999618530273,13.899999618530273,1.5974432447395228e-15,1.0
2022-02-25,13.899999618530273,13.899999618530273,13.899999618530273,13.899999618530273,11.74386978149414,0,WRDEF,,0.0,0.0,0.0,,13.899999618530273,13.899999618530273,13.899999618530273,1.5974432447395228e-15,1.0
2022-02-28,13.899999618530273,13.899999618530273,13.899999618530273,13.899999618530273,11.74386978149414,0,WRDEF,,0.0,0.0,0.0,,13.899999618530273,13.899999618530273,13.899999618530273,1.5974432447395228e-15,1.0
2022-03-01,13.899999618530273,13.899999618530273,13.899999618530273,13.899999618530273,11.74386978149414,0,WRDEF,,0.0,0.0,0.0,,13.899999618530273,13.899999618530273,13.899999618530273,1.5974432447395228e-15,1.0
2022-03-02,13.899999618530273,13.899999618530273,13.899999618530273,13.899999618530273,11.74386978149414,0,WRDEF,,0.0,0.0,0.0,,13.899999618530273,13.899999618530273,13.899999618530273,1.5974432447395228e-15,1.0
2022-03-03,13.899999618530273,13.899999618530273,13.899999618530273,13.899999618530273,11.74386978149414,0,WRDEF,,0.0,0.0,0.0,,13.899999618530273,13.899999618530273,13.899999618530273,1.5974432447395228e-15,1.0
2022-03-04,17.579999923706055,17.579999923706055,17.579999923706055,17.579999923706055,14.85303783416748,200,WRDEF,100.0,0.29356127790576103,0.23484902232460883,0.05871225558115221,1.0,11.691999435424805,14.63599967956543,17.579999923706055,40.22957513795242,1.0
2022-03-07,17.579999923706055,17.579999923706055,17.579999923706055,17.579999923706055,14.85303783416748,0,WRDEF,100.0,0.5202140024426889,0.3692013974892293,0.15101260495345956,0.8061862178478971,11.76635054021377,15.371999740600586,18.977648940987404,46.91190816070029,0.8061862178478971
2022-03-08,17.579999923706055,17.579999923706055,17.579999923706055,17.579999923706055,14.85303783416748,0,WRDEF,100.0,0.691862558675977,0.4326799629780139,0.2591825956979631,0.7041241452319313,12.502350601248926,16.107999801635742,19.71364900202256,44.76842866636575,0.7041241452319313
2022-03-09,17.579999923706055,17.579999923706055,17.579999923706055,17.579999923706055,14.85303783416748,0,WRDEF,100.0,0.8184605721501956,0.447422381161786,0.3710381909884096,0.625,13.899999618530273,16.8439998626709,19.788000106811523,34.956070626253315,0.625
2022-03-10,17.579999923706055,17.579999923706055,17.579999923706055,17.579999923706055,14.85303783416748,0,WRDEF,100.0,0.9083198639359757,0.42982533835805287,0.4784945255779229,,17.579999923706055,17.579999923706055,17.579999923706055,1.2630523656920579e-15,1.0
2022-03-11,17.579999923706055,17.579999923706055,17.579999923706055,17.579999923706055,14.85303783416748,0,WRDEF,100.0,0.9683712194497822,0.39190135509748747,0.5764698643522947,,17.579999923706055,17.579999923706055,17.579999923706055,1.2630523656920579e-15,1.0
2022-03-14,17.579999923706055,17.579999923706055,17.579999923706055,17.579999923706055,14.85303783416748,0,WRDEF,100.0,1.0043844328073241,0.3423316547640235,0.6620527780433006,,17.579999923706055,17.579999923706055,17.579999923706055,1.2630523656920579e-15,1.0
2022-03-15,17.579999923706055,17.579999923706055,17.579999923706055,17.579999923706055,14.85303783416748,0,WRDEF,100.0,1.021153936915855,0.28728092709804354,0.7338730098178116,,17.579999923706055,17.579999923706055,17.579999923706055,1.2630523656920579e-15,1.0
2022-03-16,17.579999923706055,17.579999923706055,17.579999923706055,17.579999923706055,14.85303783416748,0,WRDEF,100.0,1.0226553553836126,0.23102587645264083,0.7916294789309718,,17.579999923706055,17.579999923706055,17.579999923706055,1.2630523656920579e-15,1.0
2022-03-17,17.579999923706055,17.579999923706055,17.579999923706055,17.579999923706055,14.85303783416748,0,WRDEF,100.0,1.0121774883098205,0.17643840750307882,0.8357390808067416,,17.579999923706055,17.579999923706055,17.579999923706055,1.2630523656920579e-15,1.0
2022-03-18,17.579999923706055,17.579999923706055,17.579999923706055,17.579999923706055,14.85303783416748,0,WRDEF,100.0,0.9924335470034613,0.12535557295737576,0.8670779740460856,,17.579999923706055,17.579999923706055,17.579999923706055,1.2630523656920579e-15,1.0
2022-03-21,17.579999923706055,17.579999923706055,17.579999923706055,17.579999923706055,14.85303783416748,0,WRDEF,100.0,0.9656548631081243,0.07886151124963092,0.8867933518584934,,17.579999923706055,17.579999923706055,17.579999923706055,1.2630523656920579e-15,1.0
2022-03-22,17.579999923706055,17.579999923706055,17.579999923706055,17.579999923706055,14.85303783416748,0,WRDEF,100.0,0.9336697989381797,0.03750115766374895,0.8961686412744307,,17.579999923706055,17.579999923706055,17.579999923706055,1.2630523656920579e-15,1.0
2022-03-23,17.579999923706055,17.579999923706055,17.579999923706055,17.579999923706055,14.85303783416748,0,WRDEF,100.0,0.8979701640592985,0.0014412182278942254,0.8965289458314043,,17.579999923706055,17.579999923706055,17.579999923706055,1.2630523656920579e-15,1.0
2022-03-24,17.579999923706055,17.579999923706055,17.579999923706055,17.579999923706055,14.85303783416748,0,WRDEF,,0.8597670864298692,-0.029409487521228073,0.8891765739510973,,17.579999923706055,17.579999923706055,17.579999923706055,1.2630523656920579e-15,1.0
2022-03-25,17.579999923706055,17.579999923706055,17.579999923706055,17.579999923706055,14.85303783416748,0,WRDEF,,0.8200379847380965,-0.055310871370400694,0.8753488561084972,,17.579999923706055,17.579999923706055,17.579999923706055,1.2630523656920579e-15,1.0
2022-03-28,17.579999923706055,17.579999923706055,17.579999923706055,17.579999923706055,14.85303783416748,0,WRDEF,,0.7795660334441088,-0.0766262581315108,0.8561922915756196,,17.579999923706055,17.579999923706055,17.579999923706055,1.2630523656920579e-15,1.0
2022-03-29,17.579999923706055,17.579999923706055,17.579999923706055,17.579999923706055,14.85303783416748,0,WRDEF,,0.7389732962941871,-0.09377519622514607,0.8327484925193331,,17.579999923706055,17.579999923706055,17.579999923706055,1.2630523656920579e-15,1.0
2022-03-30,17.579999923706055,17.579999923706055,17.579999923706055,17.579999923706055,14.85303783416748,0,WRDEF,,0.6987485216463085,-0.10719997669841974,0.8059484983447283,,17.579999923706055,17.579999923706055,17.579999923706055,1.2630523656920579e-15,1.0
2022-03-31,17.579999923706055,17.579999923706055,17.579999923706055,17.579999923706055,14.85303783416748,0,WRDEF,,0.6592704386982966,-0.11734244771714541,0.776612886415442,,17.579999923706055,17.579999923706055,17.579999923706055,1.2630523656920579e-15,1.0
2022-04-01,17.579999923706055,17.579999923706055,17.579999923706055,17.579999923706055,14.85303783416748,0,WRDEF,,0.6208272632980183,-0.12462849849393898,0.7454557617919573,,17.579999923706055,17.579999923706055,17.579999923706055,1.2630523656920579e-15,1.0
2022-04-04,17.579999923706055,17.579999923706055,17.579999923706055,17.579999923706055,14.85303783416748,0,WRDEF,,0.5836330117644906,-0.1294582000219734,0.713091211786464,,17.579999923706055,17.579999923706055,17.579999923706055,1.2630523656920579e-15,1.0
2022-04-05,17.579999923706055,17.579999923706055,17.579999923706055,17.579999923706055,14.85303783416748,0,WRDEF,,0.5478411279503099,-0.13220006706892318,0.6800411950192331,,17.579999923706055,17.579999923706055,17.579999923706055,1.2630523656920579e-15,1.0
2022-04-06,17.579999923706055,17.579999923706055,17.579999923706055,17.579999923706055,14.85303783416748,0,WRDEF,,0.5135558499995945,-0.13318827601571093,0.6467441260153054,,17.579999923706055,17.579999923706055,17.579999923706055,1.2630523656920579e-15,1.0
2022-04-07,17.579999923706055,17.579999923706055,17.579999923706055,17.579999923706055,14.85303783416748,0,WRDEF,,0.48084167667638766,-0.1327219594711343,0.613563636147522,,17.579999923706055,17.579999923706055,17.579999923706055,1.2630523656920579e-15,1.0
2022-04-08,17.579999923706055,17.579999923706055,17.579999923706055,17.579999923706055,14.85303783416748,0,WRDEF,,0.44973123687414684,-0.13106591941870005,0.5807971562928469,,17.579999923706055,17.579999923706055,17.579999923706055,1.2630523656920579e-15,1.0
2022-04-11,17.579999923706055,17.579999923706055,17.579999923706055,17.579999923706055,14.85303783416748,0,WRDEF,,0.4202318183752496,-0.1284522703340778,0.5486840887093274,,17.579999923706055,17.579999923706055,17.579999923706055,1.2630523656920579e-15,1.0
2022-04-12,17.579999923706055,17.579999923706055,17.579999923706055,17.579999923706055,14.85303783416748,0,WRDEF,,0.39233077176357156,-0.12508265355660475,0.5174134253201763,,17.579999923706055,17.579999923706055,17.579999923706055,1.2630523656920579e-15,1.0
2022-04-13,17.579999923706055,17.579999923706055,17.579999923706055,17.579999923706055,14.85303783416748,0,WRDEF,,0.365999971463669,-0.12113076308520587,0.4871307345488749,,17.579999923706055,17.579999923706055,17.579999923706055,1.2630523656920579e-15,1.0
2022-04-14,17.579999923706055,17.579999923706055,17.579999923706055,17.579999923706055,14.85303783416748,0,WRDEF,,0.3411994872234203,-0.11674499786036369,0.457944485083784,,17.579999923706055,17.579999923706055,17.579999923706055,1.2630523656920579e-15,1.0
2022-04-18,17.579999923706055,17.579999923706055,17.579999923706055,17.579999923706055,14.85303783416748,0,WRDEF,,0.3178805951580017,-0.11205111194062589,0.4299317070986276,,17.579999923706055,17.579999923706055,17.579999923706055,1.2630523656920579e-15,1.0
2022-04-19,17.579999923706055,17.579999923706055,17.579999923706055,17.579999923706055,14.85303783416748,0,WRDEF,,0.2959882370422662,-0.10715477604508916,0.40314301308735534,,17.579999923706055,17.579999923706055,17.579999923706055,1.2630523656920579e-15,1.0
2022-04-20,17.579999923706055,17.579999923706055,17.579999923706055,17.579999923706055,14.85303783416748,0,WRDEF,,0.27546301929299233,-0.10214399503549043,0.37760701432848276,,17.579999923706055,17.579999923706055,17.579999923706055,1.2630523656920579e-15,1.0
2022-04-21,17.579999923706055,17.579999923706055,17.579999923706055,17.579999923706055,14.85303783416748,0,WRDEF,,0.2562428285288263,-0.09709134863972518,0.3533341771685515,,17.579999923706055,17.579999923706055,17.579999923706055,1.2630523656920579e-15,1.0
2022-04-22,17.579999923706055,17.579999923706055,17.579999923706055,17.579999923706055,14.85303783416748,0,WRDEF,,0.23826412831725463,-0.09205603908103749,0.3303201673982921,,17.579999923706055,17.579999923706055,17.579999923706055,1.2630523656920579e-15,1.0
2022-04-25,17.579999923706055,17.579999923706055,17.579999923706055,17.579999923706055,14.85303783416748,0,WRDEF,,0.22146299136155534,-0.08708574082938947,0.3085487321909448,,17.579999923706055,17.579999923706055,17.579999923706055,1.2630523656920579e-15,1.0
2022-04-26,17.579999923706055,17.579999923706055,17.579999923706055,17.579999923706055,14.85303783416748,0,WRDEF,,0.20577591264855144,-0.08221825563391472,0.28799416828246616,,17.579999923706055,17.579999923706055,17.579999923706055,1.2630523656920579e-15,1.0
2022-04-27,17.579999923706055,17.579999923706055,17.579999923706055,17.579999923706055,15.844442367553711,0,WRDEF,,0.1911404417178666,-0.07748298125167968,0.2686234229695463,,17.579999923706055,17.579999923706055,17.579999923706055,1.2630523656920579e-15,1.0
2022-04-28,17.579999923706055,17.579999923706055,17.579999923706055,17.579999923706055,15.844442367553711,0,WRDEF,,0.17749566601185762,-0.0729022055661509,0.2503978715780085,,17.579999923706055,17.579999923706055,17.579999923706055,1.2630523656920579e-15,1.0
2022-04-29,17.579999923706055,17.579999923706055,17.579999923706055,17.579999923706055,15.844442367553711,0,WRDEF,,0.16478257204262903,-0.06849223962830361,0.23327481167093264,,17.579999923706055,17.579999923706055,17.579999923706055,1.2630523656920579e-15,1.0
2022-05-02,17.579999923706055,17.579999923706055,17.579999923706055,17.579999923706055,15.844442367553711,0,WRDEF,,0.15294430671582404,-0.06426440396408689,0.21720871067991093,,17.579999923706055,17.579999923706055,17.579999923706055,1.2630523656920579e-15,1.0
2022-05-03,17.579999923706055,17.579999923706055,17.579999923706055,17.579999923706055,15.844442367553711,0,WRDEF,,0.14192635745162008,-0.0602258825826327,0.20215224003425278,,17.579999923706055,17.579999923706055,17.579999923706055,1.2630523656920579e-15,1.0
2022-05-04,17.579999923706055,17.579999923706055,17.579999923706055,17.579999923706055,15.844442367553711,0,WRDEF,,0.13167666663263944,-0.05638045872129066,0.1880571253539301,,17.579999923706055,17.579999923706055,17.579999923706055,1.2630523656920579e-15,1.0
2022-05-05,17.579999923706055,17.579999923706055,17.579999923706055,17.579999923706055,15.844442367553711,0,WRDEF,,0.12214569329432123,-0.0527291456476871,0.17487483894200834,,17.579999923706055,17.579999923706055,17.579999923706055,1.2630523656920579e-15,1.0
2022-05-06,17.579999923706055,17.579999923706055,17.579999923706055,17.579999923706055,15.844442367553711,0,WRDEF,,0.11328643277803963,-0.04927072493117496,0.16255715770921458,,17.579999923706055,17.579999923706055,17.579999923706055,1.2630523656920579e-15,1.0
2022-05-09,17.579999923706055,17.579999923706055,17.579999923706055,17.579999923706055,15.844442367553711,0,WRDEF,,0.10505440322507553,-0.04600220358731125,0.15105660681238678,,17.579999923706055,17.579999923706055,17.579999923706055,1.2630523656920579e-15,1.0
2022-05-10,17.579999923706055,17.579999923706055,17.579999923706055,17.579999923706055,15.844442367553711,0,WRDEF,,0.09740760624512035,-0.042919200453813144,0.1403268066989335,,17.579999923706055,17.579999923706055,17.579999923706055,1.2630523656920579e-15,1.0
2022-05-11,15.670000076293945,15.670000076293945,15.670000076293945,15.670000076293945,14.123003959655762,100,WRDEF,0.0,-0.06205819239307786,-0.16190799927360908,0.09984980688053122,0.0,15.670000076293945,17.197999954223633,18.72599983215332,17.76950671004541,7.26585807146409e-17
2022-05-12,15.670000076293945,15.670000076293945,15.670000076293945,15.670000076293945,14.123003959655762,0,WRDEF,0.0,-0.1862885680510047,-0.22891069994522872,0.04262213189422404,0.19381378215210288,14.944589970759852,16.81599998474121,18.68740999872257,22.257493050421864,0.19381378215210293
2022-05-13,15.670000076293945,15.670000076293945,15.670000076293945,15.670000076293945,14.123003959655762,0,WRDEF,0.0,-0.281497112306635,-0.25929539536068724,-0.02220171694594776,0.29587585476806866,14.56259000127743,16.43400001525879,18.305410029240146,22.77485715277808,0.2958758547680687
2022-05-16,15.670000076293945,15.670000076293945,15.670000076293945,15.670000076293945,14.123003959655762,0,WRDEF,0.0,-0.3528827568111126,-0.26454483189213185,-0.08833792491898072,0.375,14.52400016784668,16.052000045776367,17.579999923706055,19.0381245149789,0.37500000000000006
2022-05-17,15.670000076293945,15.670000076293945,15.670000076293945,15.670000076293945,14.123003959655762,0,WRDEF,0.0,-0.4047902246501067,-0.2531618397849008,-0.1516283848652059,,15.670000076293945,15.670000076293945,15.670000076293945,1.4170044916652372e-15,1.0
2022-05-18,15.670000076293945,15.670000076293945,15.670000076293945,15.670000076293945,14.123003959655762,0,WRDEF,0.0,-0.44084547467040025,-0.23137367184415547,-0.20947180282624478,,15.670000076293945,15.670000076293945,15.670000076293945,1.4170044916652372e-15,1.0
2022-05-19,15.670000076293945,15.670000076293945,15.670000076293945,15.670000076293945,14.123003959655762,0,WRDEF,0.0,-0.4640700098752397,-0.20367856563919595,-0.26039144423604377,,15.670000076293945,15.670000076293945,15.670000076293945,1.4170044916652372e-15,1.0
2022-05-20,15.670000076293945,15.670000076293945,15.670000076293945,15.670000076293945,14.123003959655762,0,WRDEF,0.0,-0.4769773236696295,-0.17326870354686863,-0.3037086201227609,,15.670000076293945,15.670000076293945,15.670000076293945,1.4170044916652372e-15,1.0
2022-05-23,15.670000076293945,15.670000076293945,15.670000076293945,15.670000076293945,14.123003959655762,0,WRDEF,0.0,-0.4816542524410785,-0.1423565058546541,-0.3392977465864244,,15.670000076293945,15.670000076293945,15.670000076293945,1.4170044916652372e-15,1.0
2022-05-24,15.670000076293945,15.670000076293945,15.670000076293945,15.670000076293945,14.123003959655762,0,WRDEF,0.0,-0.4798295755247928,-0.11242546315069468,-0.3674041123740981,,15.670000076293945,15.670000076293945,15.670000076293945,1.4170044916652372e-15,1.0
2022-05-25,15.670000076293945,15.670000076293945,15.670000076293945,15.670000076293945,14.123003959655762,0,WRDEF,0.0,-0.47293184203739,-0.08442218373063354,-0.3885096583067565,,15.670000076293945,15.670000076293945,15.670000076293945,1.4170044916652372e-15,1.0
2022-05-26,15.670000076293945,15.670000076293945,15.670000076293945,15.670000076293945,14.123003959655762,0,WRDEF,0.0,-0.4621380982277472,-0.05890275193679251,-0.4032353462909547,,15.670000076293945,15.670000076293945,15.670000076293945,1.4170044916652372e-15,1.0
2022-05-27,15.670000076293945,15.670000076293945,15.670000076293945,15.670000076293945,14.123003959655762,0,WRDEF,0.0,-0.4484149303059155,-0.0361436672119686,-0.4122712630939469,,15.670000076293945,15.670000076293945,15.670000076293945,1.4170044916652372e-15,1.0
2022-05-31,15.670000076293945,15.670000076293945,15.670000076293945,15.670000076293945,14.123003959655762,0,WRDEF,0.0,-0.43255301891067965,-0.016225404653386177,-0.4163276142572935,,15.670000076293945,15.670000076293945,15.670000076293945,1.4170044916652372e-15,1.0
2022-06-01,15.670000076293945,15.670000076293945,15.670000076293945,15.670000076293945,14.123003959655762,0,WRDEF,,-0.4151962163199894,0.0009051183498433035,-0.4161013346698327,,15.670000076293945,15.670000076293945,15.670000076293945,1.4170044916652372e-15,1.0
2022-06-02,15.670000076293945,15.670000076293945,15.670000076293945,15.670000076293945,14.123003959655762,0,WRDEF,,-0.39686600099885005,0.015388266936786132,-0.4122542679356362,,15.670000076293945,15.670000076293945,15.670000076293945,1.4170044916652372e-15,1.0
2022-06-03,15.670000076293945,15.670000076293945,15.670000076293945,15.670000076293945,14.123003959655762,0,WRDEF,,-0.3779820317187692,0.027417788973493618,-0.4053998206922628,,15.670000076293945,15.670000076293945,15.670000076293945,1.4170044916652372e-15,1.0
2022-06-06,15.670000076293945,15.670000076293945,15.670000076293945,15.670000076293945,14.123003959655762,0,WRDEF,,-0.35887941155096925,0.037216327313034925,-0.3960957388640042,,15.670000076293945,15.670000076293945,15.670000076293945,1.4170044916652372e-15,1.0
2022-06-07,15.670000076293945,15.670000076293945,15.670000076293945,15.670000076293945,14.123003959655762,0,WRDEF,,-0.3398231773847318,0.04501804918341795,-0.38484122656814973,,15.670000076293945,15.670000076293945,15.670000076293945,1.4170044916652372e-15,1.0
2022-06-08,15.670000076293945,15.670000076293945,15.670000076293945,15.670000076293945,14.123003959655762,0,WRDEF,,-0.3210204505891383,0.05105662078320916,-0.37207707137234747,,15.670000076293945,15.670000076293945,15.670000076293945,1.4170044916652372e-15,1.0
2022-06-09,15.670000076293945,15.670000076293945,15.670000076293945,15.670000076293945,14.123003959655762,0,WRDEF,,-0.30263061676821224,0.05555716368330821,-0.35818778045152044,,15.670000076293945,15.670000076293945,15.670000076293945,1.4170044916652372e-15,1.0
2022-06-10,15.670000076293945,15.670000076293945,15.670000076293945,15.670000076293945,14.123003959655762,0,WRDEF,,-0.284773845349898,0.058731148081297924,-0.34350499343119595,,15.670000076293945,15.670000076293945,15.670000076293945,1.4170044916652372e-15,1.0
2022-06-13,15.670000076293945,15.670000076293945,15.670000076293945,15.670000076293945,14.123003959655762,0,WRDEF,,-0.2675382113856948,0.060773425636400924,-0.3283116370220957,,15.670000076293945,15.670000076293945,15.670000076293945,1.4170044916652372e-15,1.0
2022-06-14,15.670000076293945,15.670000076293945,15.670000076293945,15.670000076293945,14.123003959655762,0,WRDEF,,-0.2509856410560687,0.061860796772821636,-0.3128464378288903,,15.670000076293945,15.670000076293945,15.670000076293945,1.4170044916652372e-15,1.0
2022-06-15,15.670000076293945,15.670000076293945,15.670000076293945,15.670000076293945,14.123003959655762,0,WRDEF,,-0.2351568678228162,0.06215165600485928,-0.2973085238276755,,15.670000076293945,15.670000076293945,15.670000076293945,1.4170044916652372e-15,1.0
2022-06-16,15.670000076293945,15.670000076293945,15.670000076293945,15.670000076293945,14.123003959655762,0,WRDEF,,-0.22007555696687398,0.061786373488641244,-0.2818619304555152,,15.670000076293945,15.670000076293945,15.670000076293945,1.4170044916652372e-15,1.0
2022-06-17,15.670000076293945,15.670000076293945,15.670000076293945,15.670000076293945,14.123003959655762,0,WRDEF,,-0.20575173157299353,0.06088815910601736,-0.2666398906790109,,15.670000076293945,15.670000076293945,15.670000076293945,1.4170044916652372e-15,1.0
2022-06-21,15.670000076293945,15.670000076293945,15.670000076293945,15.670000076293945,14.123003959655762,0,WRDEF,,-0.19218461217239735,0.059564222805290834,-0.2517488349776882,,15.670000076293945,15.670000076293945,15.670000076293945,1.4170044916652372e-15,1.0
2022-06-22,15.670000076293945,15.670000076293945,15.670000076293945,15.670000076293945,14.123003959655762,0,WRDEF,,-0.1793649646400528,0.057907096270108316,-0.23727206091016112,,15.670000076293945,15.670000076293945,15.670000076293945,1.4170044916652372e-15,1.0
2022-06-23,15.670000076293945,15.670000076293945,15.670000076293945,15.670000076293945,14.123003959655762,0,WRDEF,,-0.16727703606468047,0.05599601987638453,-0.223273055941065,,15.670000076293945,15.670000076293945,15.670000076293945,1.4170044916652372e-15,1.0
2022-06-24,15.670000076293945,15.670000076293945,15.670000076293945,15.670000076293945,14.123003959655762,0,WRDEF,,-0.15590014574420685,0.05389832815748655,-0.2097984739016934,,15.670000076293945,15.670000076293945,15.670000076293945,1.4170044916652372e-15,1.0
2022-06-27,15.670000076293945,15.670000076293945,15.670000076293945,15.670000076293945,14.123003959655762,0,WRDEF,,-0.14520998784931471,0.05167078884190296,-0.19688077669121767,,15.670000076293945,15.670000076293945,15.670000076293945,1.4170044916652372e-15,1.0
2022-06-28,15.670000076293945,15.670000076293945,15.670000076293945,15.670000076293945,14.123003959655762,0,WRDEF,,-0.13517969334078828,0.049360866680343535,-0.1845405600211318,,15.670000076293945,15.670000076293945,15.670000076293945,1.4170044916652372e-15,1.0
2022-06-29,15.670000076293945,15.670000076293945,15.670000076293945,15.670000076293945,14.123003959655762,0,WRDEF,,-0.12578069116640833,0.04700789508377878,-0.17278858625018712,,15.670000076293945,15.670000076293945,15.670000076293945,1.4170044916652372e-15,1.0
2022-06-30,15.670000076293945,15.670000076293945,15.670000076293945,15.670000076293945,14.123003959655762,0,WRDEF,,-0.11698340238401528,0.04464414709293746,-0.16162754947695274,,15.670000076293945,15.670000076293945,15.670000076293945,1.4170044916652372e-15,1.0
2022-07-01,15.670000076293945,15.670000076293945,15.670000076293945,15.670000076293945,14.123003959655762,0,WRDEF,,-0.10875779547605369,0.04229580320071924,-0.15105359867677293,,15.670000076293945,15.670000076293945,15.670000076293945,1.4170044916652372e-15,1.0
2022-07-05,15.670000076293945,15.670000076293945,15.670000076293945,15.670000076293945,14.123003959655762,0,WRDEF,,-0.1010738265826241,0.03998381767531908,-0.14105764425794318,,15.670000076293945,15.670000076293945,15.670000076293945,1.4170044916652372e-15,1.0
2022-07-06,15.670000076293945,15.670000076293945,15.670000076293945,15.670000076293945,14.123003959655762,0,WRDEF,,-0.09390178455406684,0.03772468776310106,-0.1316264723171679,,15.670000076293945,15.670000076293945,15.670000076293945,1.4170044916652372e-15,1.0
2022-07-07,15.670000076293945,15.670000076293945,15.670000076293945,15.670000076293945,14.123003959655762,0,WRDEF,,-0.087212557499738,0.03553113185394394,-0.12274368935368193,,15.670000076293945,15.670000076293945,15.670000076293945,1.4170044916652372e-15,1.0
2022-07-08,15.670000076293945,15.670000076293945,15.670000076293945,15.670000076293945,14.123003959655762,0,WRDEF,,-0.08097783479335696,0.03341268364825997,-0.11439051844161693,,15.670000076293945,15.670000076293945,15.670000076293945,1.4170044916652372e-15,1.0
2022-07-11,15.670000076293945,15.670000076293945,15.670000076293945,15.670000076293945,14.123003959655762,0,WRDEF,,-0.07517025620809115,0.03137620978682064,-0.10654646599491178,,15.670000076293945,15.670000076293945,15.670000076293945,1.4170044916652372e-15,1.0
2022-07-12,15.670000076293945,15.670000076293945,15.670000076293945,15.670000076293945,14.123003959655762,0,WRDEF,,-0.06976351792951441,0.029426358452317905,-0.09918987638183231,,15.670000076293945,15.670000076293945,15.670000076293945,1.4170044916652372e-15,1.0
2022-07-13,15.670000076293945,15.670000076293945,15.670000076293945,15.670000076293945,14.123003959655762,0,WRDEF,,-0.06473244357530739,0.02756594624521995,-0.09229838982052734,,15.670000076293945,15.670000076293945,15.670000076293945,1.4170044916652372e-15,1.0
2022-07-14,15.670000076293945,15.670000076293945,15.670000076293945,15.670000076293945,14.123003959655762,0,WRDEF,,-0.06005302698924453,0.02579629026502625,-0.08584931725427078,,15.670000076293945,15.670000076293945,15.670000076293945,1.4170044916652372e-15,1.0
2022-07-15,15.670000076293945,15.670000076293945,15.670000076293945,15.670000076293945,14.123003959655762,0,WRDEF,,-0.05570245243333538,0.02411749185674833,-0.07981994429008371,,15.670000076293945,15.670000076293945,15.670000076293945,1.4170044916652372e-15,1.0
2022-07-18,15.670000076293945,15.670000076293945,15.670000076293945,15.670000076293945,14.123003959655762,0,WRDEF,,-0.05165909684185799,0.022528677958580587,-0.07418777480043857,,15.670000076293945,15.670000076293945,15.670000076293945,1.4170044916652372e-15,1.0
2022-07-19,15.670000076293945,15.670000076293945,15.670000076293945,15.670000076293945,14.123003959655762,0,WRDEF,,-0.04790251799563627,0.021028205443841846,-0.06893072343947812,,15.670000076293945,15.670000076293945,15.670000076293945,1.4170044916652372e-15,1.0
2022-07-20,15.670000076293945,15.670000076293945,15.670000076293945,15.670000076293945,14.123003959655762,0,WRDEF,,-0.04441343179992785,0.01961383331164021,-0.06402726511156806,,15.670000076293945,15.670000076293945,15.670000076293945,1.4170044916652372e-15,1.0
2022-07-21,15.670000076293945,15.670000076293945,15.670000076293945,15.670000076293945,14.123003959655762,0,WRDEF,,-0.041173681284202956,0.018282867061892083,-0.05945654834609504,,15.670000076293945,15.670000076293945,15.670000076293945,1.4170044916652372e-15,1.0
2022-07-22,15.670000076293945,15.670000076293945,15.670000076293945,15.670000076293945,14.123003959655762,0,WRDEF,,-0.038166199469497286,0.017032279101278205,-0.05519847857077549,,15.670000076293945,15.670000076293945,15.670000076293945,1.4170044916652372e-15,1.0
2022-07-25,15.670000076293945,15.670000076293945,15.670000076293945,15.670000076293945,14.123003959655762,0,WRDEF,,-0.03537496785433625,0.015858808573151396,-0.051233776427487644,,15.670000076293945,15.670000076293945,15.670000076293945,1.4170044916652372e-15,1.0
2022-07-26,15.670000076293945,15.670000076293945,15.670000076293945,15.670000076293945,14.123003959655762,0,WRDEF,,-0.032784971940984065,0.014759043589202867,-0.04754401553018693,,15.670000076293945,15.670000076293945,15.670000076293945,1.4170044916652372e-15,1.0
2022-07-27,15.670000076293945,15.670000076293945,15.670000076293945,15.670000076293945,14.123003959655762,0,WRDEF,,-0.030382154949714746,0.01372948846437775,-0.044111643414092495,,15.670000076293945,15.670000076293945,15.670000076293945,1.4170044916652372e-15,1.0
2022-07-28,15.670000076293945,15.670000076293945,15.670000076293945,15.670000076293945,14.123003959655762,0,WRDEF,,-0.02815337064088652,0.012766618218564778,-0.0409199888594513,,15.670000076293945,15.670000076293945,15.670000076293945,1.4170044916652372e-15,1.0
2022-07-29,15.670000076293945,15.670000076293945,15.670000076293945,15.670000076293945,14.123003959655762,0,WRDEF,,-0.026086335975669783,0.011866922307025213,-0.037953258282694996,,15.670000076293945,15.670000076293945,15.670000076293945,1.4170044916652372e-15,1.0
2022-08-01,15.670000076293945,15.670000076293945,15.670000076293945,15.670000076293945,14.123003959655762,0,WRDEF,,-0.02416958418980819,0.01102693927430945,-0.03519652346411764,,15.670000076293945,15.670000076293945,15.670000076293945,1.4170044916652372e-15,1.0
2022-08-02,15.670000076293945,15.670000076293945,15.670000076293945,15.670000076293945,14.123003959655762,0,WRDEF,,-0.022392418725788232,0.010243283790663527,-0.03263570251645176,,15.670000076293945,15.670000076293945,15.670000076293945,1.4170044916652372e-15,1.0
2022-08-03,15.670000076293945,15.670000076293945,15.670000076293945,15.670000076293945,14.123003959655762,0,WRDEF,,-0.02074486836251488,0.009512667323149506,-0.030257535685664385,,15.670000076293945,15.670000076293945,15.670000076293945,1.4170044916652372e-15,1.0
2022-08-04,15.670000076293945,15.670000076293945,15.670000076293945,15.670000076293945,14.123003959655762,0,WRDEF,,-0.019217643794565475,0.008831913512879128,-0.028049557307444604,,15.670000076293945,15.670000076293945,15.670000076293945,1.4170044916652372e-15,1.0
2022-08-05,15.670000076293945,15.670000076293945,15.670000076293945,15.670000076293945,14.123003959655762,0,WRDEF,,-0.017802095841961574,0.008197969172386427,-0.026000065014348,,15.670000076293945,15.670000076293945,15.670000076293945,1.4170044916652372e-15,1.0
2022-08-08,15.670000076293945,15.670000076293945,15.670000076293945,15.670000076293945,14.123003959655762,0,WRDEF,,-0.016490175413657937,0.007607911680552051,-0.024098087094209988,,15.670000076293945,15.670000076293945,15.670000076293945,1.4170044916652372e-15,1.0
2022-08-09,15.670000076293945,15.670000076293945,15.670000076293945,15.670000076293945,14.123003959655762,0,WRDEF,,-0.015274395301299037,0.00705895343432876,-0.022333348735627798,,15.670000076293945,15.670000076293945,15.670000076293945,1.4170044916652372e-15,1.0
2022-08-10,15.670000076293945,15.670000076293945,15.670000076293945,15.670000076293945,14.123003959655762,0,WRDEF,,-0.01414779384231224,0.0065484439146524485,-0.020696237756964688,,15.670000076293945,15.670000076293945,15.670000076293945,1.4170044916652372e-15,1.0
2022-08-11,15.670000076293945,15.670000076293945,15.670000076293945,15.670000076293945,14.123003959655762,0,WRDEF,,-0.01310390046171328,0.006073869836201128,-0.01917777029791441,,15.670000076293945,15.670000076293945,15.670000076293945,1.4170044916652372e-15,1.0
2022-08-12,15.670000076293945,15.670000076293945,15.670000076293945,15.670000076293945,14.123003959655762,0,WRDEF,,-0.012136703078489575,0.005632853775539869,-0.017769556854029443,,15.670000076293945,15.670000076293945,15.670000076293945,1.4170044916652372e-15,1.0
2022-08-15,15.670000076293945,15.670000076293945,15.670000076293945,15.670000076293945,14.123003959655762,0,WRDEF,,-0.011240617344299153,0.005223151607784235,-0.016463768952083388,,15.670000076293945,15.670000076293945,15.670000076293945,1.4170044916652372e-15,1.0
2022-08-16,15.670000076293945,15.670000076293945,15.670000076293945,15.670000076293945,14.123003959655762,0,WRDEF,,-0.010410457668289297,0.004842649027035274,-0.015253106695324571,,15.670000076293945,15.670000076293945,15.670000076293945,1.4170044916652372e-15,1.0
2022-08-17,15.670000076293945,15.670000076293945,15.670000076293945,15.670000076293945,14.123003959655762,0,WRDEF,,-0.009641409971491655,0.004489357379066335,-0.01413076735055799,,15.670000076293945,15.670000076293945,15.670000076293945,1.4170044916652372e-15,1.0
2022-08-18,15.670000076293945,15.670000076293945,15.670000076293945,15.670000076293945,14.123003959655762,0,WRDEF,,-0.008929006106804138,0.004161408995003082,-0.01309041510180722,,15.670000076293945,15.670000076293945,15.670000076293945,1.4170044916652372e-15,1.0
2022-08-19,15.670000076293945,15.670000076293945,15.670000076293945,15.670000076293945,14.123003959655762,0,WRDEF,,-0.008269099875418462,0.003857052181111008,-0.01212615205652947,,15.670000076293945,15.670000076293945,15.670000076293945,1.4170044916652372e-15,1.0
2022-08-22,15.670000076293945,15.670000076293945,15.670000076293945,15.670000076293945,14.123003959655762,0,WRDEF,,-0.007657844567347638,0.003574645991345467,-0.011232490558693105,,15.670000076293945,15.670000076293945,15.670000076293945,1.4170044916652372e-15,1.0
2022-08-23,15.670000076293945,15.670000076293945,15.670000076293945,15.670000076293945,14.123003959655762,0,WRDEF,,-0.0070916719519953375,0.0033126548853582138,-0.010404326837353551,,15.670000076293945,15.670000076293945,15.670000076293945,1.4170044916652372e-15,1.0
2022-08-24,15.670000076293945,15.670000076293945,15.670000076293945,15.670000076293945,14.123003959655762,0,WRDEF,,-0.0065672726442169704,0.003069643354509266,-0.009636915998726236,,15.670000076293945,15.670000076293945,15.670000076293945,1.4170044916652372e-15,1.0
2022-08-25,15.670000076293945,15.670000076293945,15.670000076293945,15.670000076293945,14.123003959655762,0,WRDEF,,-0.006081577771807289,0.002844270581535158,-0.008925848353342447,,15.670000076293945,15.670000076293945,15.670000076293945,1.4170044916652372e-15,1.0
2022-08-26,15.670000076293945,15.670000076293945,15.670000076293945,15.670000076293945,14.123003959655762,0,WRDEF,,-0.005631741871523488,0.002635285185455168,-0.008267027056978656,,15.670000076293945,15.670000076293945,15.670000076293945,1.4170044916652372e-15,1.0
2022-08-29,15.670000076293945,15.670000076293945,15.670000076293945,15.670000076293945,14.123003959655762,0,WRDEF,,-0.005215126942564652,0.0024415200915312036,-0.007656647034095855,,15.670000076293945,15.670000076293945,15.670000076293945,1.4170044916652372e-15,1.0
2022-08-30,15.670000076293945,15.670000076293945,15.670000076293945,15.670000076293945,14.123003959655762,0,WRDEF,,-0.004829287588622222,0.002261887556378907,-0.007091175145001129,,15.670000076293945,15.670000076293945,15.670000076293945,1.4170044916652372e-15,1.0
2022-08-31,15.670000076293945,15.670000076293945,15.670000076293945,15.670000076293945,14.123003959655762,0,WRDEF,,-0.004471957182101249,0.0020953743703199046,-0.006567331552421154,,15.670000076293945,15.670000076293945,15.670000076293945,1.4170044916652372e-15,1.0
2022-09-01,15.670000076293945,15.670000076293945,15.670000076293945,15.670000076293945,14.123003959655762,0,WRDEF,,-0.004141034986883341,0.0019410372524302508,-0.0060820722393135915,,15.670000076293945,15.670000076293945,15.670000076293945,1.4170044916652372e-15,1.0
2022-09-02,15.670000076293945,15.670000076293945,15.670000076293945,15.670000076293945,14.123003959655762,0,WRDEF,,-0.003834574178814165,0.0017979984483995418,-0.005632572627213707,,15.670000076293945,15.670000076293945,15.670000076293945,1.4170044916652372e-15,1.0
2022-09-06,15.670000076293945,15.670000076293945,15.670000076293945,15.670000076293945,14.123003959655762,0,WRDEF,,-0.0035507707060649096,0.0016654415369190389,-0.0052162122429839485,,15.670000076293945,15.670000076293945,15.670000076293945,1.4170044916652372e-15,1.0
2022-09-07,15.670000076293945,15.670000076293945,15.670000076293945,15.670000076293945,14.123003959655762,0,WRDEF,,-0.0032879529344675973,0.001542607446813081,-0.004830560381280678,,15.670000076293945,15.670000076293945,15.670000076293945,1.4170044916652372e-15,1.0
2022-09-08,15.670000076293945,15.670000076293945,15.670000076293945,15.670000076293945,14.123003959655762,0,WRDEF,,-0.0030445720258445164,0.00142879068434893,-0.004473362710193446,,15.670000076293945,15.670000076293945,15.670000076293945,1.4170044916652372e-15,1.0
2022-09-09,15.670000076293945,15.670000076293945,15.670000076293945,15.670000076293945,14.123003959655762,0,WRDEF,,-0.002819193000275888,0.0013233357679340472,-0.004142528768209935,,15.670000076293945,15.670000076293945,15.670000076293945,1.4170044916652372e-15,1.0
2022-09-12,15.670000076293945,15.670000076293945,15.670000076293945,15.670000076293945,14.123003959655762,0,WRDEF,,-0.00261048643607964,0.0012256338657042369,-0.0038361203017838767,,15.670000076293945,15.670000076293945,15.670000076293945,1.4170044916652372e-15,1.0
2022-09-13,15.670000076293945,15.670000076293945,15.670000076293945,15.670000076293945,14.123003959655762,0,WRDEF,,-0.0024172207640056342,0.0011351196302225941,-0.0035523403942282284,,15.670000076293945,15.670000076293945,15.670000076293945,1.4170044916652372e-15,1.0
2022-09-14,12.699999809265137,12.699999809265137,12.699999809265137,12.699999809265137,11.446212768554688,1000,WRDEF,0.0,-0.23916135333930555,-0.18848721035606186,-0.05067414298324369,0.0,12.699999809265137,15.076000022888184,17.452000236511232,31.5202999471456,4.672655407434628e-17
2022-09-15,12.699999809265137,12.699999809265137,12.699999809265137,12.699999809265137,11.446212768554688,0,WRDEF,0.0,-0.42191916258389384,-0.2969960156805201,-0.12492314690337374,0.19381378215210296,11.572005893422274,14.481999969482422,17.391994045542567,40.18773763557947,0.19381378215210301
2022-09-16,12.699999809265137,12.699999809265137,12.699999809265137,12.699999809265137,11.446212768554688,0,WRDEF,0.0,-0.5602972847831129,-0.34829931030379135,-0.2119979744793216,0.2958758547680686,10.978005840016513,13.88799991607666,16.797993992136806,41.906596970692036,0.29587585476806866
2022-09-19,12.699999809265137,12.699999809265137,12.699999809265137,12.699999809265137,11.446212768554688,0,WRDEF,0.0,-0.6623280382465104,-0.36026405101375103,-0.3020639872327594,0.37500000000000017,10.91799964904785,13.293999862670898,15.670000076293945,35.7454526578532,0.3750000000000002
2022-09-20,12.699999809265137,12.699999809265137,12.699999809265137,12.699999809265137,11.446212768554688,0,WRDEF,0.0,-0.7347187648831142,-0.3461238221202838,-0.38859494276283035,,12.699999809265137,12.699999809265137,12.699999809265137,1.7483827422032026e-15,1.0
2022-09-21,12.699999809265137,12.699999809265137,12.699999809265137,12.699999809265137,11.446212768554688,0,WRDEF,0.0,-0.7830622827336384,-0.31557387197664644,-0.467488410756992,,12.699999809265137,12.699999809265137,12.699999809265137,1.7483827422032026e-15,1.0
2022-09-22,12.699999809265137,12.699999809265137,12.699999809265137,12.699999809265137,11.446212768554688,0,WRDEF,0.0,-0.8120144715597348,-0.27562084864219427,-0.5363936229175406,,12.699999809265137,12.699999809265137,12.699999809265137,1.7483827422032026e-15,1.0
2022-09-23,12.699999809265137,12.699999809265137,12.699999809265137,12.699999809265137,11.446212768554688,0,WRDEF,0.0,-0.8254440842119788,-0.23124036903555056,-0.5942037151764282,,12.699999809265137,12.699999809265137,12.699999809265137,1.7483827422032026e-15,1.0
2022-09-26,12.699999809265137,12.699999809265137,12.699999809265137,12.699999809265137,11.446212768554688,0,WRDEF,0.0,-0.8265590903160209,-0.18588430011167412,-0.6406747902043468,,12.699999809265137,12.699999809265137,12.699999809265137,1.7483827422032026e-15,1.0
2022-09-27,12.699999809265137,12.699999809265137,12.699999809265137,12.699999809265137,11.446212768554688,0,WRDEF,0.0,-0.8180131937842479,-0.14187072286392088,-0.676142470920327,,12.699999809265137,12.699999809265137,12.699999809265137,1.7483827422032026e-15,1.0
2022-09-28,12.699999809265137,12.699999809265137,12.699999809265137,12.699999809265137,11.446212768554688,0,WRDEF,0.0,-0.8019956031250608,-0.10068250576378701,-0.7013130973612738,,12.699999809265137,12.699999809265137,12.699999809265137,1.7483827422032026e-15,1.0
2022-09-29,12.699999809265137,12.699999809265137,12.699999809265137,12.699999809265137,11.446212768554688,0,WRDEF,0.0,-0.7803066577011943,-0.06319484827193644,-0.7171118094292579,,12.699999809265137,12.699999809265137,12.699999809265137,1.7483827422032026e-15,1.0
2022-09-30,12.699999809265137,12.699999809265137,12.699999809265137,12.699999809265137,11.446212768554688,0,WRDEF,0.0,-0.7544215106289212,-0.029847760959730518,-0.7245737496691906,,12.699999809265137,12.699999809265137,12.699999809265137,1.7483827422032026e-15,1.0
2022-10-03,12.699999809265137,12.699999809265137,12.699999809265137,12.699999809265137,11.446212768554688,0,WRDEF,0.0,-0.7255437286135624,-0.0007759831554974284,-0.724767745458065,,12.699999809265137,12.699999809265137,12.699999809265137,1.7483827422032026e-15,1.0
2022-10-04,12.699999809265137,12.699999809265137,12.699999809265137,12.699999809265137,11.446212768554688,0,WRDEF,,-0.6946503811244522,0.024093891466890227,-0.7187442725913424,,12.699999809265137,12.699999809265137,12.699999809265137,1.7483827422032026e-15,1.0
2022-10-05,12.699999809265137,12.699999809265137,12.699999809265137,12.699999809265137,11.446212768554688,0,WRDEF,,-0.6625299478366937,0.04497145980371897,-0.7075014076404127,,12.699999809265137,12.699999809265137,12.699999809265137,1.7483827422032026e-15,1.0
2022-10-06,12.699999809265137,12.699999809265137,12.699999809265137,12.699999809265137,11.446212768554688,0,WRDEF,,-0.6298141673652395,0.06214979222013861,-0.6919639595853782,,12.699999809265137,12.699999809265137,12.699999809265137,1.7483827422032026e-15,1.0
2022-10-07,12.699999809265137,12.699999809265137,12.699999809265137,12.699999809265137,11.446212768554688,0,WRDEF,,-0.5970047761996824,0.07596734670855665,-0.672972122908239,,12.699999809265137,12.699999809265137,12.699999809265137,1.7483827422032026e-15,1.0
2022-10-10,12.699999809265137,12.699999809265137,12.699999809265137,12.699999809265137,11.446212768554688,0,WRDEF,,-0.5644959395178368,0.08678094671232173,-0.6512768862301586,,12.699999809265137,12.699999809265137,12.699999809265137,1.7483827422032026e-15,1.0
2022-10-11,12.699999809265137,12.699999809265137,12.699999809265137,12.699999809265137,11.446212768554688,0,WRDEF,,-0.532593051068897,0.09494706812900933,-0.6275401191979063,,12.699999809265137,12.699999809265137,12.699999809265137,1.7483827422032026e-15,1.0
2022-10-12,12.699999809265137,12.699999809265137,12.699999809265137,12.699999809265137,11.446212768554688,0,WRDEF,,-0.501528474066804,0.10080931610488186,-0.6023377901716859,,12.699999809265137,12.699999809265137,12.699999809265137,1.7483827422032026e-15,1.0
2022-10-13,12.699999809265137,12.699999809265137,12.699999809265137,12.699999809265137,11.446212768554688,0,WRDEF,,-0.4714747060558562,0.10469046729266374,-0.5761651733485199,,12.699999809265137,12.699999809265137,12.699999809265137,1.7483827422032026e-15,1.0
2022-10-14,12.699999809265137,12.699999809265137,12.699999809265137,12.699999809265137,11.446212768554688,0,WRDEF,,-0.4425553754939351,0.10688783828366788,-0.549443213777603,,12.699999809265137,12.699999809265137,12.699999809265137,1.7483827422032026e-15,1.0
2022-10-17,12.699999809265137,12.699999809265137,12.699999809265137,12.699999809265137,11.446212768554688,0,WRDEF,,-0.41485441422184444,0.10767103964460689,-0.5225254538664513,,12.699999809265137,12.699999809265137,12.699999809265137,1.7483827422032026e-15,1.0
2022-10-18,12.699999809265137,12.699999809265137,12.699999809265137,12.699999809265137,11.446212768554688,0,WRDEF,,-0.3884236962540033,0.10728140608995845,-0.49570510234396176,,12.699999809265137,12.699999809265137,12.699999809265137,1.7483827422032026e-15,1.0
2022-10-19,12.699999809265137,12.699999809265137,12.699999809265137,12.699999809265137,11.446212768554688,0,WRDEF,,-0.36328938791733023,0.10593257154130525,-0.4692219594586355,,12.699999809265137,12.699999809265137,12.699999809265137,1.7483827422032026e-15,1.0
2022-10-20,12.699999809265137,12.699999809265137,12.699999809265137,12.699999809265137,11.446212768554688,0,WRDEF,,-0.3394572159963758,0.10381179476980779,-0.4432690107661836,,12.699999809265137,12.699999809265137,12.699999809265137,1.7483827422032026e-15,1.0
2022-10-21,12.699999809265137,12.699999809265137,12.699999809265137,12.699999809265137,11.446212768554688,0,WRDEF,,-0.3169168281267236,0.101081746111568,-0.4179985742382916,,12.699999809265137,12.699999809265137,12.699999809265137,1.7483827422032026e-15,1.0
2022-10-24,12.699999809265137,12.699999809265137,12.699999809265137,12.699999809265137,11.446212768554688,0,WRDEF,,-0.29564539229578024,0.0978825455540091,-0.39352793784978934,,12.699999809265137,12.699999809265137,12.699999809265137,1.7483827422032026e-15,1.0
2022-10-25,11.75,11.75,11.75,11.75,10.59000015258789,104,WRDEF,0.0,-0.35139401975085427,0.03370713447914808,-0.38510115423000235,0.0,11.75,12.509999847412109,13.269999694824218,12.150277484924622,1.4608200625376433e-16
2022-10-26,11.75,11.75,11.75,11.75,10.59000015258789,0,WRDEF,0.0,-0.3910672290703481,-0.004772859872276547,-0.38629436919807153,0.1938137821521032,11.38919397018271,12.319999885559081,13.250805800935453,15.110485779588652,0.19381378215210332
2022-10-27,11.75,11.75,11.75,11.75,10.59000015258789,0,WRDEF,0.0,-0.41769362122584397,-0.02511940162221793,-0.39257421960362604,0.29587585476806816,11.199194008329684,12.129999923706055,13.060805839082427,15.347171001333102,0.29587585476806827
2022-10-28,11.75,11.75,11.75,11.75,10.59000015258789,0,WRDEF,0.0,-0.43379471341347475,-0.032976395047878915,-0.40081831836559584,0.3749999999999997,11.180000114440919,11.939999961853028,12.699999809265137,12.730315742717321,0.3749999999999998
2022-10-31,11.75,11.75,11.75,11.75,10.59000015258789,0,WRDEF,0.0,-0.4414659997324044,-0.03251814509344686,-0.40894785463895755,,11.75,11.75,11.75,1.8897413185109047e-15,1.0
2022-11-01,11.75,11.75,11.75,11.75,10.59000015258789,0,WRDEF,0.0,-0.4424453152274932,-0.026797968470828493,-0.4156473467566647,,11.75,11.75,11.75,1.8897413185109047e-15,1.0
2022-11-02,11.75,11.75,11.75,11.75,10.59000015258789,0,WRDEF,0.0,-0.4381704733478333,-0.01801850127293486,-0.42015197207489846,,11.75,11.75,11.75,1.8897413185109047e-15,1.0
2022-11-03,11.75,11.75,11.75,11.75,10.59000015258789,0,WRDEF,0.0,-0.42982784254926365,-0.007740696379492151,-0.4220871461697715,,11.75,11.75,11.75,1.8897413185109047e-15,1.0
2022-11-04,11.75,11.75,11.75,11.75,10.59000015258789,0,WRDEF,0.0,-0.4183932703560913,0.0029551006509441757,-0.4213483710070355,,11.75,11.75,11.75,1.8897413185109047e-15,1.0
2022-11-07,11.75,11.75,11.75,11.75,10.59000015258789,0,WRDEF,0.0,-0.4046665454713434,0.013345460428553668,-0.41801200589989707,,11.75,11.75,11.75,1.8897413185109047e-15,1.0
2022-11-08,11.75,11.75,11.75,11.75,10.59000015258789,0,WRDEF,0.0,-0.3893004043739321,0.022969281220771964,-0.41226968559470406,,11.75,11.75,11.75,1.8897413185109047e-15,1.0
2022-11-09,11.75,11.75,11.75,11.75,10.59000015258789,0,WRDEF,0.0,-0.37282493309392173,0.03155580200062591,-0.40438073509454764,,11.75,11.75,11.75,1.8897413185109047e-15,1.0
2022-11-10,11.75,11.75,11.75,11.75,10.59000015258789,0,WRDEF,0.0,-0.35566808313842735,0.038970121564896265,-0.3946382047033236,,11.75,11.75,11.75,1.8897413185109047e-15,1.0
2022-11-11,11.75,11.75,11.75,11.75,10.59000015258789,0,WRDEF,0.0,-0.33817290914892517,0.04517223644351881,-0.383345145592444,,11.75,11.75,11.75,1.8897413185109047e-15,1.0
2022-11-14,11.75,11.75,11.75,11.75,10.59000015258789,0,WRDEF,,-0.3206120416739715,0.050186483134778026,-0.37079852480874953,,11.75,11.75,11.75,1.8897413185109047e-15,1.0
2022-11-15,11.75,11.75,11.75,11.75,10.59000015258789,0,WRDEF,,-0.3031998287899036,0.054078956815076795,-0.3572787856049804,,11.75,11.75,11.75,1.8897413185109047e-15,1.0
2022-11-16,11.75,11.75,11.75,11.75,10.59000015258789,0,WRDEF,,-0.2861025129543524,0.056941018120502396,-0.3430435310748548,,11.75,11.75,11.75,1.8897413185109047e-15,1.0
2022-11-17,11.75,11.75,11.75,11.75,10.59000015258789,0,WRDEF,,-0.26944675253670525,0.058877422830519666,-0.3283241753672249,,11.75,11.75,11.75,1.8897413185109047e-15,1.0
2022-11-18,11.75,11.75,11.75,11.75,10.59000015258789,0,WRDEF,,-0.2533267493315776,0.05999794082851789,-0.3133246901600955,,11.75,11.75,11.75,1.8897413185109047e-15,1.0
2022-11-21,11.75,11.75,11.75,11.75,10.59000015258789,0,WRDEF,,-0.23781020266851094,0.06041158999326768,-0.2982217926617786,,11.75,11.75,11.75,1.8897413185109047e-15,1.0
2022-11-22,11.75,11.75,11.75,11.75,10.59000015258789,0,WRDEF,,-0.222943276335128,0.06022281306132049,-0.2831660893964485,,11.75,11.75,11.75,1.8897413185109047e-15,1.0
2022-11-23,11.75,11.75,11.75,11.75,10.59000015258789,0,WRDEF,,-0.20875473546042578,0.05952908314881822,-0.268283818609244,,11.75,11.75,11.75,1.8897413185109047e-15,1.0
2022-11-25,11.75,11.75,11.75,11.75,10.59000015258789,0,WRDEF,,-0.19525938593796077,0.0584195461370266,-0.2536789320749874,,11.75,11.75,11.75,1.8897413185109047e-15,1.0
2022-11-28,11.75,11.75,11.75,11.75,10.59000015258789,0,WRDEF,,-0.18246092821024007,0.056974403091797854,-0.23943533130203792,,11.75,11.75,11.75,1.8897413185109047e-15,1.0
2022-11-29,11.75,11.75,11.75,11.75,10.59000015258789,0,WRDEF,,-0.17035431969752324,0.05526480928361177,-0.225619128981135,,11.75,11.75,11.75,1.8897413185109047e-15,1.0
2022-11-30,11.75,11.75,11.75,11.75,10.59000015258789,0,WRDEF,,-0.15892772533915434,0.05335312291358457,-0.2122808482527389,,11.75,11.75,11.75,1.8897413185109047e-15,1.0
2022-12-01,11.75,11.75,11.75,11.75,10.59000015258789,0,WRDEF,,-0.1481641232026636,0.05129338004006026,-0.19945750324272385,,11.75,11.75,11.75,1.8897413185109047e-15,1.0
2022-12-02,11.75,11.75,11.75,11.75,10.59000015258789,0,WRDEF,,-0.13804262154925873,0.049131905354772104,-0.18717452690403083,,11.75,11.75,11.75,1.8897413185109047e-15,1.0
2022-12-05,11.75,11.75,11.75,11.75,10.59000015258789,0,WRDEF,,-0.12853953482309421,0.04690799366474929,-0.1754475284878435,,11.75,11.75,11.75,1.8897413185109047e-15,1.0
2022-12-06,11.75,11.75,11.75,11.75,10.59000015258789,0,WRDEF,,-0.11962925850119177,0.04465461598932141,-0.16428387449051318,,11.75,11.75,11.75,1.8897413185109047e-15,1.0
2022-12-07,11.75,11.75,11.75,11.75,10.59000015258789,0,WRDEF,,-0.11128497638572732,0.04239911848382871,-0.15368409486955603,,11.75,11.75,11.75,1.8897413185109047e-15,1.0
2022-12-08,11.75,11.75,11.75,11.75,10.59000015258789,0,WRDEF,,-0.10347922855867431,0.04016389304870538,-0.1436431216073797,,11.75,11.75,11.75,1.8897413185109047e-15,1.0
2022-12-09,11.75,11.75,11.75,11.75,10.59000015258789,0,WRDEF,,-0.09618436369635575,0.037967006328819164,-0.1341513700251749,,11.75,11.75,11.75,1.8897413185109047e-15,1.0
2022-12-12,11.75,11.75,11.75,11.75,10.59000015258789,0,WRDEF,,-0.08937289562819828,0.03582277951758131,-0.1251956751457796,,11.75,11.75,11.75,1.8897413185109047e-15,1.0
2022-12-13,11.75,11.75,11.75,11.75,10.59000015258789,0,WRDEF,,-0.08301778080980426,0.03374231546878026,-0.11676009627858452,,11.75,11.75,11.75,1.8897413185109047e-15,1.0
2022-12-14,11.75,11.75,11.75,11.75,10.59000015258789,0,WRDEF,,-0.07709263067220462,0.03173397248510393,-0.10882660315730855,,11.75,11.75,11.75,1.8897413185109047e-15,1.0
2022-12-15,11.75,11.75,11.75,11.75,10.59000015258789,0,WRDEF,,-0.07157187052824732,0.02980378610324899,-0.10137565663149631,,11.75,11.75,11.75,1.8897413185109047e-15,1.0
2022-12-16,11.75,11.75,11.75,11.75,10.59000015258789,0,WRDEF,,-0.06643085479690569,0.027955841467672507,-0.0943866962645782,,11.75,11.75,11.75,1.8897413185109047e-15,1.0
2022-12-19,11.75,11.75,11.75,11.75,10.59000015258789,0,WRDEF,,-0.061645946690619624,0.026192599659166857,-0.08783854634978648,,11.75,11.75,11.75,1.8897413185109047e-15,1.0
2022-12-20,11.75,11.75,11.75,11.75,10.59000015258789,0,WRDEF,,-0.05719456915218224,0.0245151817580834,-0.08170975091026564,,11.75,11.75,11.75,1.8897413185109047e-15,1.0
2022-12-21,11.75,11.75,11.75,11.75,10.59000015258789,0,WRDEF,,-0.05305523268586043,0.02292361457952416,-0.07597884726538459,,11.75,11.75,11.75,1.8897413185109047e-15,1.0
2022-12-22,11.75,11.75,11.75,11.75,10.59000015258789,0,WRDEF,,-0.04920754476853162,0.021417041997482386,-0.070624586766014,,11.75,11.75,11.75,1.8897413185109047e-15,1.0
2022-12-23,11.75,11.75,11.75,11.75,10.59000015258789,0,WRDEF,,-0.04563220472198104,0.019993905635226378,-0.06562611035720742,,11.75,11.75,11.75,1.8897413185109047e-15,1.0
2022-12-27,11.75,11.75,11.75,11.75,10.59000015258789,0,WRDEF,,-0.042310987252781374,0.018652098483540838,-0.06096308573632221,,11.75,11.75,11.75,1.8897413185109047e-15,1.0
2022-12-28,11.75,11.75,11.75,11.75,10.59000015258789,0,WRDEF,,-0.039226717301097835,0.017389094748179505,-0.05661581204927734,,11.75,11.75,11.75,1.8897413185109047e-15,1.0
2022-12-29,11.75,11.75,11.75,11.75,10.59000015258789,0,WRDEF,,-0.03636323836686017,0.01620205894593374,-0.05256529731279391,,11.75,11.75,11.75,1.8897413185109047e-15,1.0
2022-12-30,11.75,11.75,11.75,11.75,10.59000015258789,0,WRDEF,,-0.03370537608656754,0.015087936980981098,-0.04879331306754864,,11.75,11.75,11.75,1.8897413185109047e-15,1.0
2023-01-03,11.75,11.75,11.75,11.75,10.59000015258789,0,WRDEF,,-0.031238898504154733,0.014043531650715133,-0.045282430154869865,,11.75,11.75,11.75,1.8897413185109047e-15,1.0
2023-01-04,11.75,11.75,11.75,11.75,10.59000015258789,0,WRDEF,,-0.028950474204496146,0.013065564760298978,-0.042016038964795124,,11.75,11.75,11.75,1.8897413185109047e-15,1.0
2023-01-05,11.75,11.75,11.75,11.75,10.59000015258789,0,WRDEF,,-0.026827629249440932,0.012150727772283362,-0.038978357021724294,,11.75,11.75,11.75,1.8897413185109047e-15,1.0
2023-01-06,11.75,11.75,11.75,11.75,10.59000015258789,0,WRDEF,,-0.024858703666428283,0.011295722684236814,-0.0361544263506651,,11.75,11.75,11.75,1.8897413185109047e-15,1.0
2023-01-09,11.75,11.75,11.75,11.75,10.59000015258789,0,WRDEF,,-0.02303280808239805,0.010497294614613642,-0.03353010269701169,,11.75,11.75,11.75,1.8897413185109047e-15,1.0
2023-01-10,11.75,11.75,11.75,11.75,10.59000015258789,0,WRDEF,,-0.021339780965766053,0.009752257384996514,-0.031092038350762567,,11.75,11.75,11.75,1.8897413185109047e-15,1.0
2023-01-11,11.75,11.75,11.75,11.75,10.59000015258789,0,WRDEF,,-0.019770146832042812,0.009057513214975804,-0.028827660047018616,,11.75,11.75,11.75,1.8897413185109047e-15,1.0
2023-01-12,11.75,11.75,11.75,11.75,10.59000015258789,0,WRDEF,,-0.0183150756807553,0.008410067493010657,-0.026725143173765956,,11.75,11.75,11.75,1.8897413185109047e-15,1.0
2023-01-13,11.75,11.75,11.75,11.75,10.59000015258789,0,WRDEF,,-0.016966343859309063,0.007807039451565516,-0.02477338331087458,,11.75,11.75,11.75,1.8897413185109047e-15,1.0
2023-01-17,11.75,11.75,11.75,11.75,10.59000015258789,0,WRDEF,,-0.015716296490834836,0.007245669456031799,-0.022961965946866635,,11.75,11.75,11.75,1.8897413185109047e-15,1.0
2023-01-18,11.75,11.75,11.75,11.75,10.59000015258789,0,WRDEF,,-0.014557811555524935,0.006723323513073361,-0.021281135068598297,,11.75,11.75,11.75,1.8897413185109047e-15,1.0
2023-01-19,11.75,11.75,11.75,11.75,10.59000015258789,0,WRDEF,,-0.013484265676799723,0.00623749551343886,-0.019721761190238583,,11.75,11.75,11.75,1.8897413185109047e-15,1.0
2023-01-20,11.75,11.75,11.75,11.75,10.59000015258789,0,WRDEF,,-0.012489501633048405,0.005785807645752143,-0.01827530927880055,,11.75,11.75,11.75,1.8897413185109047e-15,1.0
2023-01-23,11.75,11.75,11.75,11.75,10.59000015258789,0,WRDEF,,-0.011567797591554907,0.005366009349796513,-0.01693380694135142,,11.75,11.75,11.75,1.8897413185109047e-15,1.0
2023-01-24,11.75,11.75,11.75,11.75,10.59000015258789,0,WRDEF,,-0.010713838042333279,0.004975975119214514,-0.015689813161547793,,11.75,11.75,11.75,1.8897413185109047e-15,1.0
2023-01-25,11.75,11.75,11.75,11.75,10.59000015258789,0,WRDEF,,-0.009922686395025693,0.00461370141321768,-0.014536387808243373,,11.75,11.75,11.75,1.8897413185109047e-15,1.0
2023-01-26,11.75,11.75,11.75,11.75,10.59000015258789,0,WRDEF,,-0.009189759191066571,0.004277302893741442,-0.013467062084808013,,11.75,11.75,11.75,1.8897413185109047e-15,1.0
2023-01-27,11.75,11.75,11.75,11.75,10.59000015258789,0,WRDEF,,-0.008510801875244667,0.003965008167650679,-0.012475810042895346,,11.75,11.75,11.75,1.8897413185109047e-15,1.0
2023-01-30,11.75,11.75,11.75,11.75,10.59000015258789,0,WRDEF,,-0.00788186606512653,0.003675155182215053,-0.011557021247341584,,11.75,11.75,11.75,1.8897413185109047e-15,1.0
2023-01-31,11.75,11.75,11.75,11.75,10.59000015258789,0,WRDEF,,-0.007299288253037162,0.0034061863954435376,-0.0107054746484807,,11.75,11.75,11.75,1.8897413185109047e-15,1.0
2023-02-01,11.75,11.75,11.75,11.75,10.59000015258789,0,WRDEF,,-0.006759669873162011,0.0031566438202549514,-0.009916313693416962,,11.75,11.75,11.75,1.8897413185109047e-15,1.0
2023-02-02,11.75,11.75,11.75,11.75,10.59000015258789,0,WRDEF,,-0.006259858665302431,0.002925164022491626,-0.009185022687794057,,11.75,11.75,11.75,1.8897413185109047e-15,1.0
2023-02-03,11.75,11.75,11.75,11.75,10.59000015258789,0,WRDEF,,-0.005796931266948135,0.0027104731366767373,-0.008507404403624873,,11.75,11.75,11.75,1.8897413185109047e-15,1.0
2023-02-06,11.75,11.75,11.75,11.75,10.59000015258789,0,WRDEF,,-0.0053681769660496315,0.0025113819500601937,-0.007879558916109825,,11.75,11.75,11.75,1.8897413185109047e-15,1.0
2023-02-07,11.75,11.75,11.75,11.75,10.59000015258789,0,WRDEF,,-0.004971082548353323,0.0023267810942052027,-0.007297863642558525,,11.75,11.75,11.75,1.8897413185109047e-15,1.0
2023-02-08,11.75,11.75,11.75,11.75,10.59000015258789,0,WRDEF,,-0.004603318174963178,0.0021556363740762776,-0.006758954549039456,,11.75,11.75,11.75,1.8897413185109047e-15,1.0
2023-02-09,11.75,11.75,11.75,11.75,10.59000015258789,0,WRDEF,,-0.004262724228004444,0.0019969842568280096,-0.006259708484832454,,11.75,11.75,11.75,1.8897413185109047e-15,1.0
2023-02-10,11.75,11.75,11.75,11.75,10.59000015258789,0,WRDEF,,-0.003947299064684273,0.0018499275361185449,-0.005797226600802818,,11.75,11.75,11.75,1.8897413185109047e-15,1.0
2023-02-13,11.75,11.75,11.75,11.75,10.59000015258789,0,WRDEF,,-0.003655187622600309,0.0017136311825620074,-0.005368818805162316,,11.75,11.75,11.75,1.8897413185109047e-15,1.0
2023-02-14,11.75,11.75,11.75,11.75,10.59000015258789,0,WRDEF,,-0.0033846708218483457,0.0015873183866511771,-0.004971989208499523,,11.75,11.75,11.75,1.8897413185109047e-15,1.0
2023-02-15,11.75,11.75,11.75,11.75,10.59000015258789,0,WRDEF,,-0.0031341557121784547,0.001470266797056855,-0.00460442250923531,,11.75,11.75,11.75,1.8897413185109047e-15,1.0
2023-02-16,11.75,11.75,11.75,11.75,10.59000015258789,0,WRDEF,,-0.002902166316143706,0.0013618049544732828,-0.004263971270616989,,11.75,11.75,11.75,1.8897413185109047e-15,1.0
2023-02-17,11.75,11.75,11.75,11.75,10.59000015258789,0,WRDEF,,-0.0026873351219176556,0.0012613089189594667,-0.003948644040877122,,11.75,11.75,11.75,1.8897413185109047e-15,1.0
2023-02-21,11.75,11.75,11.75,11.75,10.59000015258789,0,WRDEF,,-0.0024883951820307004,0.001168199087077138,-0.0036565942691078384,,11.75,11.75,11.75,1.8897413185109047e-15,1.0
2023-02-22,11.75,11.75,11.75,11.75,10.59000015258789,0,WRDEF,,-0.002304172776909752,0.0010819371937584692,-0.003386109970668221,,11.75,11.75,11.75,1.8897413185109047e-15,1.0
2023-02-23,11.75,11.75,11.75,11.75,10.59000015258789,0,WRDEF,,-0.002133580604500196,0.0010020234929344206,-0.0031356040974346165,,11.75,11.75,11.75,1.8897413185109047e-15,1.0
2023-02-24,11.75,11.75,11.75,11.75,10.59000015258789,0,WRDEF,,-0.001975611459684501,0.0009279941102000927,-0.0029036055698845936,,11.75,11.75,11.75,1.8897413185109047e-15,1.0
2023-02-27,11.75,11.75,11.75,11.75,10.59000015258789,0,WRDEF,,-0.001829332369474912,0.0008594185603277454,-0.0026887509298026573,,11.75,11.75,11.75,1.8897413185109047e-15,1.0
2023-02-28,11.75,11.75,11.75,11.75,10.59000015258789,0,WRDEF,,-0.0016938791521372565,0.0007958974221323207,-0.002489776574269577,,11.75,11.75,11.75,1.8897413185109047e-15,1.0
2023-03-01,11.75,11.75,11.75,11.75,10.59000015258789,0,WRDEF,,-0.0015684513704403713,0.0007370601630633648,-0.002305511533503736,,11.75,11.75,11.75,1.8897413185109047e-15,1.0
2023-03-02,11.75,11.75,11.75,11.75,10.59000015258789,0,WRDEF,,-0.0014523076512134026,0.0006825631058322667,-0.0021348707570456693,,11.75,11.75,11.75,1.8897413185109047e-15,1.0
2023-03-03,11.75,11.75,11.75,11.75,10.59000015258789,0,WRDEF,,-0.001344761345253076,0.0006320875294340746,-0.0019768488746871506,,11.75,11.75,11.75,1.8897413185109047e-15,1.0
2023-03-06,11.75,11.75,11.75,11.75,10.59000015258789,0,WRDEF,,-0.001245176503314127,0.000585337897098419,-0.001830514400412546,,11.75,11.75,11.75,1.8897413185109047e-15,1.0
2023-03-07,11.75,11.75,11.75,11.75,10.59000015258789,0,WRDEF,,-0.0011529641456320405,0.0005420402038244045,-0.001695004349456445,,11.75,11.75,11.75,1.8897413185109047e-15,1.0
2023-03-08,11.75,11.75,11.75,11.75,10.59000015258789,0,WRDEF,,-0.0010675788039069545,0.0005019404364395926,-0.001569519240346547,,11.75,11.75,11.75,1.8897413185109047e-15,1.0
2023-03-09,11.75,11.75,11.75,11.75,10.59000015258789,0,WRDEF,,-0.0009885153161874882,0.0004648031393272472,-0.0014533184555147354,,11.75,11.75,11.75,1.8897413185109047e-15,1.0
2023-03-10,11.75,11.75,11.75,11.75,10.59000015258789,0,WRDEF,,-0.0009153058563935446,0.0004304100792969527,-0.0013457159356904972,,11.75,11.75,11.75,1.8897413185109047e-15,1.0
2023-03-13,11.75,11.75,11.75,11.75,10.59000015258789,0,WRDEF,,-0.0008475171815529592,0.00039855900331003057,-0.0012460761848629898,,11.75,11.75,11.75,1.8897413185109047e-15,1.0
2023-03-14,11.75,11.75,11.75,11.75,10.59000015258789,0,WRDEF,,-0.0007847480809637375,0.000369062483119402,-0.0011538105640831395,,11.75,11.75,11.75,1.8897413185109047e-15,1.0
2023-03-15,11.75,11.75,11.75,11.75,10.59000015258789,0,WRDEF,,-0.0007266270126251584,0.000341746841166385,-0.0010683738537915434,,11.75,11.75,11.75,1.8897413185109047e-15,1.0
2023-03-16,11.75,11.75,11.75,11.75,10.59000015258789,0,WRDEF,,-0.0006728099133574972,0.00031645115234723697,-0.0009892610657047341,,11.75,11.75,11.75,1.8897413185109047e-15,1.0
2023-03-17,11.75,11.75,11.75,11.75,10.59000015258789,0,WRDEF,,-0.000622978169904087,0.0002930263166405177,-0.0009160044865446047,,11.75,11.75,11.75,1.8897413185109047e-15,1.0
2023-03-20,11.75,11.75,11.75,11.75,10.59000015258789,0,WRDEF,,-0.0005768367393361729,0.0002713341977667456,-0.0008481709371029185,,11.75,11.75,11.75,1.8897413185109047e-15,1.0
2023-03-21,11.75,11.75,11.75,11.75,10.59000015258789,0,WRDEF,,-0.0005341124078164228,0.0002512468234291967,-0.0007853592312456195,,11.75,11.75,11.75,1.8897413185109047e-15,1.0
2023-03-22,11.75,11.75,11.75,11.75,10.59000015258789,0,WRDEF,,-0.0004945521776189565,0.00023264564290133034,-0.0007271978205202869,,11.75,11.75,11.75,1.8897413185109047e-15,1.0
2023-03-23,11.75,11.75,11.75,11.75,10.59000015258789,0,WRDEF,,-0.0004579217730178442,0.0002154208380019542,-0.0006733426110197984,,11.75,11.75,11.75,1.8897413185109047e-15,1.0
2023-03-24,11.75,11.75,11.75,11.75,10.59000015258789,0,WRDEF,,-0.0004240042563310453,0.00019947068375100253,-0.0006234749400820479,,11.75,11.75,11.75,1.8897413185109047e-15,1.0
2023-03-27,11.75,11.75,11.75,11.75,10.59000015258789,0,WRDEF,,-0.00039259874603381206,0.00018470095523858863,-0.0005772997012724007,,11.75,11.75,11.75,1.8897413185109047e-15,1.0
2023-03-28,11.75,11.75,11.75,11.75,10.59000015258789,0,WRDEF,,-0.000363519229463094,0.00017102437744744535,-0.0005345436069105394,,11.75,11.75,11.75,1.8897413185109047e-15,1.0
2023-03-29,11.75,11.75,11.75,11.75,10.59000015258789,0,WRDEF,,-0.0003365934631531786,0.00015836011500588857,-0.0004949535781590672,,11.75,11.75,11.75,1.8897413185109047e-15,1.0
2023-03-30,11.75,11.75,11.75,11.75,10.59000015258789,0,WRDEF,,-0.00031166195435794464,0.00014663329904089802,-0.00045829525339884266,,11.75,11.75,11.75,1.8897413185109047e-15,1.0
2023-03-31,11.75,11.75,11.75,11.75,10.59000015258789,0,WRDEF,,-0.00028857701778584044,0.00013577458849040183,-0.00042435160627624227,,11.75,11.75,11.75,1.8897413185109047e-15,1.0
2023-04-03,11.75,11.75,11.75,11.75,10.59000015258789,0,WRDEF,,-0.00026720190203555205,0.00012571976339255218,-0.00039292166542810423,,11.75,11.75,11.75,1.8897413185109047e-15,1.0
2023-04-04,11.75,11.75,11.75,11.75,10.59000015258789,0,WRDEF,,-0.000247409980556057,0.00011640934789763783,-0.00036381932845369483,,11.75,11.75,11.75,1.8897413185109047e-15,1.0
2023-04-05,11.75,11.75,11.75,11.75,10.59000015258789,0,WRDEF,,-0.00022908400240950755,0.00010778826083534984,-0.0003368722632448574,,11.75,11.75,11.75,1.8897413185109047e-15,1.0
2023-04-06,11.75,11.75,11.75,11.75,10.59000015258789,0,WRDEF,,-0.00021211539842269644,9.980549185772876e-05,-0.0003119208902804252,,11.75,11.75,11.75,1.8897413185109047e-15,1.0
2023-04-10,11.75,11.75,11.75,11.75,10.59000015258789,0,WRDEF,,-0.0001964036386201684,9.241380132820546e-05,-0.00028881743994837387,,11.75,11.75,11.75,1.8897413185109047e-15,1.0
2023-04-11,11.75,11.75,11.75,11.75,10.59000015258789,0,WRDEF,,-0.00018185563719619324,8.556944220174448e-05,-0.0002674250793979377,,11.75,11.75,11.75,1.8897413185109047e-15,1.0
2023-04-12,11.75,11.75,11.75,11.75,10.59000015258789,0,WRDEF,,-0.00016838520146933433,7.923190234288273e-05,-0.00024761710381221707,,11.75,11.75,11.75,1.8897413185109047e-15,1.0
2023-04-13,11.75,11.75,11.75,11.75,10.59000015258789,0,WRDEF,,-0.00015591252160973568,7.336366576198513e-05,-0.0002292761873717208,,11.75,11.75,11.75,1.8897413185109047e-15,1.0
2023-04-14,11.75,11.75,11.75,11.75,10.59000015258789,0,WRDEF,,-0.00014436369811043903,6.792999140902545e-05,-0.00021229368951946448,,11.75,11.75,11.75,1.8897413185109047e-15,1.0
2023-04-17,11.75,11.75,11.75,11.75,10.59000015258789,0,WRDEF,,-0.00013367030422273274,6.289870823738541e-05,-0.00019656901246011815,,11.75,11.75,11.75,1.8897413185109047e-15,1.0
2023-04-18,11.75,11.75,11.75,11.75,10.59000015258789,0,WRDEF,,-0.00012376898075672216,5.8240025362716794e-05,-0.00018200900611943895,,11.75,11.75,11.75,1.8897413185109047e-15,1.0
2023-04-19,11.75,11.75,11.75,11.75,10.59000015258789,0,WRDEF,,-0.00011460106088279076,5.392635618931856e-05,-0.00016852741707210932,,11.75,11.75,11.75,1.8897413185109047e-15,1.0
2023-04-20,11.75,11.75,11.75,11.75,10.59000015258789,0,WRDEF,,-0.00010611222267975506,4.993215551388341e-05,-0.00015604437819363847,,11.75,11.75,11.75,1.8897413185109047e-15,1.0
2023-04-21,11.75,11.75,11.75,11.75,10.59000015258789,0,WRDEF,,-9.825216741887743e-05,4.623376861980882e-05,-0.00014448593603868625,,11.75,11.75,11.75,1.8897413185109047e-15,1.0
2023-04-24,11.75,11.75,11.75,11.75,10.59000015258789,0,WRDEF,,-9.097432164573149e-05,4.2809291514363826e-05,-0.00013378361316009532,,11.75,11.75,11.75,1.8897413185109047e-15,1.0
2023-04-25,11.75,11.75,11.75,11.75,11.75,0,WRDEF,,-8.423556131909038e-05,3.963844147280397e-05,-0.00012387400279189435,,11.75,11.75,11.75,1.8897413185109047e-15,1.0
2023-04-26,11.75,11.75,11.75,11.75,11.75,0,WRDEF,,-7.799595637791867e-05,3.670243713118054e-05,-0.00011469839350909921,,11.75,11.75,11.75,1.8897413185109047e-15,1.0
2023-04-27,11.75,11.75,11.75,11.75,11.75,0,WRDEF,,-7.22185341999193e-05,3.398388744734394e-05,-0.00010620242164726324,,11.75,11.75,11.75,1.8897413185109047e-15,1.0
2023-04-28,11.75,11.75,11.75,11.75,11.75,0,WRDEF,,-6.686906059272246e-05,3.146668884363262e-05,-9.833574943635508e-05,,11.75,11.75,11.75,1.8897413185109047e-15,1.0
2023-05-01,11.75,11.75,11.75,11.75,11.75,0,WRDEF,,-6.191583699077796e-05,2.9135929956461702e-05,-9.105176694723966e-05,,11.75,11.75,11.75,1.8897413185109047e-15,1.0
2023-05-02,11.75,11.75,11.75,11.75,11.75,0,WRDEF,,-5.7329512664239246e-05,2.6977803426400342e-05,-8.430731609063959e-05,,11.75,11.75,11.75,1.8897413185109047e-15,1.0
2023-05-03,11.75,11.75,11.75,11.75,11.75,0,WRDEF,,-5.308291084027417e-05,2.4979524200292337e-05,-7.80624350405665e-05,,11.75,11.75,11.75,1.8897413185109047e-15,1.0
2023-05-04,11.75,11.75,11.75,11.75,11.75,0,WRDEF,,-4.91508676923047e-05,2.3129253878609448e-05,-7.228012157091415e-05,,11.75,11.75,11.75,1.8897413185109047e-15,1.0
2023-05-05,11.75,11.75,11.75,11.75,11.75,0,WRDEF,,-4.551008325748285e-05,2.1416030650745044e-05,-6.692611390822789e-05,,11.75,11.75,11.75,1.8897413185109047e-15,1.0
2023-05-08,11.75,11.75,11.75,11.75,11.75,0,WRDEF,,-4.2138983392447926e-05,1.9829704412623977e-05,-6.19686878050719e-05,,11.75,11.75,11.75,1.8897413185109047e-15,1.0
2023-05-09,11.75,11.75,11.75,11.75,11.75,0,WRDEF,,-3.901759194846477e-05,1.8360876685285707e-05,-5.737846863375048e-05,,11.75,11.75,11.75,1.8897413185109047e-15,1.0
2023-05-10,11.75,11.75,11.75,11.75,11.75,0,WRDEF,,-3.612741241987294e-05,1.7000844971102032e-05,-5.312825739097497e-05,,11.75,11.75,11.75,1.8897413185109047e-15,1.0
2023-05-11,11.75,11.75,11.75,11.75,11.75,0,WRDEF,,-3.3451318346422454e-05,1.5741551235642016e-05,-4.919286958206447e-05,,11.75,11.75,11.75,1.8897413185109047e-15,1.0
2023-05-12,11.75,11.75,11.75,11.75,11.75,0,WRDEF,,-3.097345184066569e-05,1.4575534193119029e-05,-4.554898603378472e-05,,11.75,11.75,11.75,1.8897413185109047e-15,1.0
2023-05-15,11.75,11.75,11.75,11.75,11.75,0,WRDEF,,-2.867912962756236e-05,1.3495885124977888e-05,-4.217501475254025e-05,,11.75,11.75,11.75,1.8897413185109047e-15,1.0
2023-05-16,11.75,11.75,11.75,11.75,11.75,0,WRDEF,,-2.655475604562696e-05,1.2496206965530634e-05,-3.9050963011157594e-05,,11.75,11.75,11.75,1.8897413185109047e-15,1.0
2023-05-17,11.75,11.75,11.75,11.75,11.75,0,WRDEF,,-2.4587742485593367e-05,1.1570576420451388e-05,-3.6158318906044755e-05,,11.75,11.75,11.75,1.8897413185109047e-15,1.0
2023-05-18,11.75,11.75,11.75,11.75,11.75,0,WRDEF,,-2.276643280296753e-05,1.0713508882461781e-05,-3.347994168542931e-05,,11.75,11.75,11.75,1.8897413185109047e-15,1.0
2023-05-19,11.75,11.75,11.75,11.75,11.75,0,WRDEF,,-2.1080034244391754e-05,9.919925952830047e-06,-3.09999601972218e-05,,11.75,11.75,11.75,1.8897413185109047e-15,1.0
2023-05-22,11.75,11.75,11.75,11.75,11.75,0,WRDEF,,-1.951855350235121e-05,9.185125355896474e-06,-2.8703678858247685e-05,,11.75,11.75,11.75,1.8897413185109047e-15,1.0
2023-05-23,11.75,11.75,11.75,11.75,11.75,0,WRDEF,,-1.8072737496765967e-05,8.504753089185375e-06,-2.6577490585951342e-05,,11.75,11.75,11.75,1.8897413185109047e-15,1.0
2023-05-24,11.75,11.75,11.75,11.75,11.75,0,WRDEF,,-1.6734018545960794e-05,7.874777631992442e-06,-2.4608796177953236e-05,,11.75,11.75,11.75,1.8897413185109047e-15,1.0
2023-05-25,11.75,11.75,11.75,11.75,11.75,0,WRDEF,,-1.54944636019394e-05,7.29146606081107e-06,-2.278592966275047e-05,,11.75,11.75,11.75,1.8897413185109047e-15,1.0
2023-05-26,11.75,11.75,11.75,11.75,11.75,0,WRDEF,,-1.4346727235547974e-05,6.7513619417619995e-06,-2.1098089177309973e-05,,11.75,11.75,11.75,1.8897413185109047e-15,1.0
2023-05-30,11.75,11.75,11.75,11.75,11.75,0,WRDEF,,-1.3284008121061675e-05,6.251264844998639e-06,-1.9535272966060313e-05,,11.75,11.75,11.75,1.8897413185109047e-15,1.0
2023-05-31,11.75,11.75,11.75,11.75,11.75,0,WRDEF,,-1.2300008721766176e-05,5.788211395435309e-06,-1.8088220117201484e-05,,11.75,11.75,11.75,1.8897413185109047e-15,1.0
2023-06-01,11.75,11.75,11.75,11.75,11.75,0,WRDEF,,-1.1388897982911317e-05,5.3594577074321334e-06,-1.674835569034345e-05,,11.75,11.75,11.75,1.8897413185109047e-15,1.0
2023-06-02,11.75,11.75,11.75,11.75,11.75,0,WRDEF,,-1.0545276770912437e-05,4.962463135544812e-06,-1.550773990645725e-05,,11.75,11.75,11.75,1.8897413185109047e-15,1.0
2023-06-05,11.75,11.75,11.75,11.75,11.75,0,WRDEF,,-9.76414588649277e-06,4.594875215971583e-06,-1.4359021102464353e-05,,11.75,11.75,11.75,1.8897413185109047e-15,1.0
2023-06-06,11.75,11.75,11.75,11.75,11.75,0,WRDEF,,-9.040876436827716e-06,4.2545157325093095e-06,-1.3295392169337026e-05,,11.75,11.75,11.75,1.8897413185109047e-15,1.0
2023-06-07,11.75,11.75,11.75,11.75,11.75,0,WRDEF,,-8.371182406818889e-06,3.93936781001451e-06,-1.23105502168334e-05,,11.75,11.75,11.75,1.8897413185109047e-15,1.0
2023-06-08,11.75,11.75,11.75,11.75,11.75,0,WRDEF,,-7.75109526252038e-06,3.647563963450417e-06,-1.1398659225970797e-05,,11.75,11.75,11.75,1.8897413185109047e-15,1.0
2023-06-09,11.75,11.75,11.75,11.75,11.75,0,WRDEF,,-7.176940430397849e-06,3.377375036458359e-06,-1.0554315466856208e-05,,11.75,11.75,11.75,1.8897413185109047e-15,1.0
2023-06-12,11.75,11.75,11.75,11.75,11.75,0,WRDEF,,-6.645315528075457e-06,3.127199951024602e-06,-9.772515479100059e-06,,11.75,11.75,11.75,1.8897413185109047e-15,1.0
2023-06-13,11.75,11.75,11.75,11.75,11.75,0,WRDEF,,-6.153070199133026e-06,2.895556223973627e-06,-9.048626423106653e-06,,11.75,11.75,11.75,1.8897413185109047e-15,1.0
2023-06-14,11.75,11.75,11.75,11.75,11.75,0,WRDEF,,-5.697287447148369e-06,2.681071180766627e-06,-8.378358627914996e-06,,11.75,11.75,11.75,1.8897413185109047e-15,1.0
2023-06-15,11.75,11.75,11.75,11.75,11.75,0,WRDEF,,-5.275266346416174e-06,2.4824738251990584e-06,-7.757740171615233e-06,,11.75,11.75,11.75,1.8897413185109047e-15,1.0
2023-06-16,11.75,11.75,11.75,11.75,11.75,0,WRDEF,,-4.884506038749237e-06,2.298587306292797e-06,-7.183093345042034e-06,,11.75,11.75,11.75,1.8897413185109047e-15,1.0
2023-06-20,11.75,11.75,11.75,11.75,11.75,0,WRDEF,,-4.522690913333349e-06,2.128321945366948e-06,-6.651012858700297e-06,,11.75,11.75,11.75,1.8897413185109047e-15,1.0
2023-06-21,11.75,11.75,11.75,11.75,11.75,0,WRDEF,,-4.1876768879234305e-06,1.970668776621494e-06,-6.158345664544925e-06,,11.75,11.75,11.75,1.8897413185109047e-15,1.0
2023-06-22,11.75,11.75,11.75,11.75,11.75,0,WRDEF,,-3.8774786972339825e-06,1.824693573848754e-06,-5.702172271082737e-06,,11.75,11.75,11.75,1.8897413185109047e-15,1.0
2023-06-23,11.75,11.75,11.75,11.75,11.75,0,WRDEF,,-3.590258135233171e-06,1.6895313086796526e-06,-5.2797894439128234e-06,,11.75,11.75,11.75,1.8897413185109047e-15,1.0
2023-06-26,11.75,11.75,11.75,11.75,11.75,0,WRDEF,,-3.3243131571936146e-06,1.5643810293753672e-06,-4.888694186568982e-06,,11.75,11.75,11.75,1.8897413185109047e-15,1.0
2023-06-27,11.75,11.75,11.75,11.75,11.75,0,WRDEF,,-3.0780677988673233e-06,1.4485011101613274e-06,-4.526568909028651e-06,,11.75,11.75,11.75,1.8897413185109047e-15,1.0
2023-06-28,11.75,11.75,11.75,11.75,11.75,0,WRDEF,,-2.8500628275196505e-06,1.3412048652072005e-06,-4.191267692726851e-06,,11.75,11.75,11.75,1.8897413185109047e-15,1.0
2023-06-29,11.75,11.75,11.75,11.75,11.75,0,WRDEF,,-2.638947105282341e-06,1.2418564699556076e-06,-3.880803575237949e-06,,11.75,11.75,11.75,1.8897413185109047e-15,1.0
2023-06-30,11.75,11.75,11.75,11.75,11.75,0,WRDEF,,-2.4434695777841853e-06,1.149867197963011e-06,-3.593336775747196e-06,,11.75,11.75,11.75,1.8897413185109047e-15,1.0
2023-07-03,11.75,11.75,11.75,11.75,11.75,0,WRDEF,,-2.2624718614139283e-06,1.0646919314666146e-06,-3.327163792880543e-06,,11.75,11.75,11.75,1.8897413185109047e-15,1.0
2023-07-05,11.75,11.75,11.75,11.75,11.75,0,WRDEF,,-2.0948813794774424e-06,9.858259307224808e-07,-3.080707310199923e-06,,11.75,11.75,11.75,1.8897413185109047e-15,1.0
2023-07-06,11.75,11.75,11.75,11.75,11.75,0,WRDEF,,-1.939705002840242e-06,9.128018458877454e-07,-2.852506848727987e-06,,11.75,11.75,11.75,1.8897413185109047e-15,1.0
2023-07-07,11.75,11.75,11.75,11.75,11.75,0,WRDEF,,-1.796023168409988e-06,8.451869442543992e-07,-2.6412101126643873e-06,,11.75,11.75,11.75,1.8897413185109047e-15,1.0
2023-07-10,11.75,11.75,11.75,11.75,11.75,0,WRDEF,,-1.662984431050063e-06,7.825805452914598e-07,-2.4455649763415228e-06,,11.75,11.75,11.75,1.8897413185109047e-15,1.0
2023-07-11,11.75,11.75,11.75,11.75,11.75,0,WRDEF,,-1.5398004116207176e-06,7.246116517766443e-07,-2.264412063397362e-06,,11.75,11.75,11.75,1.8897413185109047e-15,1.0
2023-07-12,11.75,11.75,11.75,11.75,11.75,0,WRDEF,,-1.4257411322660118e-06,6.709367449050802e-07,-2.096677877171092e-06,,11.75,11.75,11.75,1.8897413185109047e-15,1.0
2023-07-13,11.75,11.75,11.75,11.75,11.75,0,WRDEF,,-1.3201306874321972e-06,6.21237751791116e-07,-1.941368439223313e-06,,11.75,11.75,11.75,1.8897413185109047e-15,1.0
2023-07-14,11.75,11.75,11.75,11.75,11.75,0,WRDEF,,-1.2223432364066866e-06,5.752201622533013e-07,-1.797563398659988e-06,,11.75,11.75,11.75,1.8897413185109047e-15,1.0
2023-07-17,11.75,11.75,11.75,11.75,11.75,0,WRDEF,,-1.1317992996140447e-06,5.326112792367547e-07,-1.6644105788507994e-06,,11.75,11.75,11.75,1.8897413185109047e-15,1.0
2023-07-18,11.75,11.75,11.75,11.75,11.75,0,WRDEF,,-1.0479623195891463e-06,4.931586074093224e-07,-1.5411209269984687e-06,,11.75,11.75,11.75,1.8897413185109047e-15,1.0
2023-07-19,11.75,11.75,11.75,11.75,11.75,0,WRDEF,,-9.70335484851148e-07,4.5662835371785665e-07,-1.4269638385690047e-06,,11.75,11.75,11.75,1.8897413185109047e-15,1.0
2023-07-20,11.75,11.75,11.75,11.75,11.75,0,WRDEF,,-8.984587864802052e-07,4.2280404167103956e-07,-1.3212628281512447e-06,,11.75,11.75,11.75,1.8897413185109047e-15,1.0
2023-07-21,11.75,11.75,11.75,11.75,11.75,0,WRDEF,,-8.319062878570094e-07,3.914852322353883e-07,-1.2233915200923977e-06,,11.75,11.75,11.75,1.8897413185109047e-15,1.0
2023-07-24,11.75,11.75,11.75,11.75,11.75,0,WRDEF,,-7.702836022360771e-07,3.6248633428505655e-07,-1.1327699365211336e-06,,11.75,11.75,11.75,1.8897413185109047e-15,1.0
2023-07-25,11.75,11.75,11.75,11.75,11.75,0,WRDEF,,-7.13225560389219e-07,3.3563550090553184e-07,-1.0488610612947509e-06,,11.75,11.75,11.75,1.8897413185109047e-15,1.0
2023-07-26,11.75,11.75,11.75,11.75,11.75,0,WRDEF,,-6.60394038121126e-07,3.107736185389e-07,-9.71167656660026e-07,,11.75,11.75,11.75,1.8897413185109047e-15,1.0
2023-07-27,11.75,11.75,11.75,11.75,11.75,0,WRDEF,,-6.114759631969946e-07,2.877533547704252e-07,-8.992293179674198e-07,,11.75,11.75,11.75,1.8897413185109047e-15,1.0
2023-07-28,11.75,11.75,11.75,11.75,11.75,0,WRDEF,,-5.661814483914895e-07,2.6643829566074425e-07,-8.326197440522338e-07,,11.75,11.75,11.75,1.8897413185109047e-15,1.0
2023-07-31,11.75,11.75,11.75,11.75,11.75,0,WRDEF,,-5.242420826334637e-07,2.467021291350161e-07,-7.709442117684798e-07,,11.75,11.75,11.75,1.8897413185109047e-15,1.0
2023-08-01,11.75,11.75,11.75,11.75,11.75,0,WRDEF,,-4.854093358375167e-07,2.2842790074477065e-07,-7.138372365822873e-07,,11.75,11.75,11.75,1.8897413185109047e-15,1.0
2023-08-02,11.75,11.75,11.75,11.75,11.75,0,WRDEF,,-4.4945308985688825e-07,2.1150731738031925e-07,-6.609604072372075e-07,,11.75,11.75,11.75,1.8897413185109047e-15,1.0
2023-08-03,11.75,11.75,11.75,11.75,11.75,0,WRDEF,,-4.161602689123356e-07,1.9584011065989755e-07,-6.120003795722331e-07,,11.75,11.75,11.75,1.8897413185109047e-15,1.0
2023-08-04,11.75,11.75,11.75,11.75,11.75,0,WRDEF,,-3.8533358370784754e-07,1.813334366915085e-07,-5.66667020399356e-07,,11.75,11.75,11.75,1.8897413185109047e-15,1.0
2023-08-07,11.75,11.75,11.75,11.75,11.75,0,WRDEF,,-3.56790355482417e-07,1.679013319335513e-07,-5.246916874159683e-07,,11.75,11.75,11.75,1.8897413185109047e-15,1.0
2023-08-08,11.75,11.75,11.75,11.75,11.75,0,WRDEF,,-3.303614395377963e-07,1.554641983025376e-07,-4.858256378403339e-07,,11.75,11.75,11.75,1.8897413185109047e-15,1.0
2023-08-09,11.75,11.75,11.75,11.75,11.75,0,WRDEF,,-3.0589022159688284e-07,1.439483329947609e-07,-4.4983855459164373e-07,,11.75,11.75,11.75,1.8897413185109047e-15,1.0
2023-08-10,11.75,11.75,11.75,11.75,11.75,0,WRDEF,,-2.8323168521637854e-07,1.332854955002122e-07,-4.1651718071659073e-07,,11.75,11.75,11.75,1.8897413185109047e-15,1.0
2023-08-11,11.75,11.75,11.75,11.75,11.75,0,WRDEF,,-2.622515591355068e-07,1.2341249726486717e-07,-3.8566405640037397e-07,,11.75,11.75,11.75,1.8897413185109047e-15,1.0
2023-08-14,11.75,11.75,11.75,11.75,11.75,0,WRDEF,,-2.42825516139078e-07,1.142708322090368e-07,-3.570963483481148e-07,,11.75,11.75,11.75,1.8897413185109047e-15,1.0
2023-08-15,11.75,11.75,11.75,11.75,11.75,0,WRDEF,,-2.248384394221148e-07,1.0580632714080005e-07,-3.3064476656291484e-07,,11.75,11.75,11.75,1.8897413185109047e-15,1.0
2023-08-16,11.75,11.75,11.75,11.75,11.75,0,WRDEF,,-2.0818373869246898e-07,9.796882229635675e-08,-3.0615256098882573e-07,,11.75,11.75,11.75,1.8897413185109047e-15,1.0
2023-08-17,11.75,11.75,11.75,11.75,11.75,0,WRDEF,,-1.9276271956414348e-07,9.071187313974584e-08,-2.834745927038893e-07,,11.75,11.75,11.75,1.8897413185109047e-15,1.0
2023-08-18,11.75,11.75,11.75,11.75,11.75,0,WRDEF,,-1.784839991358922e-07,8.399247485439771e-08,-2.624764739902899e-07,,11.75,11.75,11.75,1.8897413185109047e-15,1.0
2023-08-21,11.75,11.75,11.75,11.75,11.75,0,WRDEF,,-1.6526296064967028e-07,7.777081067249568e-08,-2.4303377132216596e-07,,11.75,11.75,11.75,1.8897413185109047e-15,1.0
2023-08-22,11.75,11.75,11.75,11.75,11.75,0,WRDEF,,-1.5302125966343283e-07,7.201000932698651e-08,-2.2503126899041934e-07,,11.75,11.75,11.75,1.8897413185109047e-15,1.0
2023-08-23,11.75,11.75,11.75,11.75,11.75,0,WRDEF,,-1.4168635154021558e-07,6.667593396016301e-08,-2.083622855003786e-07,,11.75,11.75,11.75,1.8897413185109047e-15,1.0
2023-08-24,11.75,11.75,11.75,11.75,11.75,0,WRDEF,,-1.3119106512249346e-07,6.173697630230811e-08,-1.9292804142480156e-07,,11.75,11.75,11.75,1.8897413185109047e-15,1.0
2023-08-25,11.75,11.75,11.75,11.75,11.75,0,WRDEF,,-1.214732083809622e-07,5.71638664350715e-08,-1.786370748160337e-07,,11.75,11.75,11.75,1.8897413185109047e-15,1.0
2023-08-28,11.75,11.75,11.75,11.75,11.75,0,WRDEF,,-1.1247519182688848e-07,5.292950639131619e-08,-1.6540469821820467e-07,,11.75,11.75,11.75,1.8897413185109047e-15,1.0
2023-08-29,11.75,11.75,11.75,11.75,11.75,0,WRDEF,,-1.0414369455702399e-07,4.900880292894456e-08,-1.5315249748596855e-07,,11.75,11.75,11.75,1.8897413185109047e-15,1.0
2023-08-30,11.75,11.75,11.75,11.75,11.75,0,WRDEF,,-9.64293462857313e-08,4.5378520960189804e-08,-1.418078672459211e-07,,11.75,11.75,11.75,1.8897413185109047e-15,1.0
2023-08-31,11.75,11.75,11.75,11.75,11.75,0,WRDEF,,-8.92864306933916e-08,4.201714924202361e-08,-1.313035799354152e-07,,11.75,11.75,11.75,1.8897413185109047e-15,1.0
2023-09-01,11.75,11.75,11.75,11.75,11.75,0,WRDEF,,-8.267262074923565e-08,3.890476734894363e-08,-1.2157738809817928e-07,,11.75,11.75,11.75,1.8897413185109047e-15,1.0
2023-09-05,11.75,11.75,11.75,11.75,11.75,0,WRDEF,,-7.654872291595893e-08,3.6022932145776285e-08,-1.1257165506173522e-07,,11.75,11.75,11.75,1.8897413185109047e-15,1.0
2023-09-06,11.75,11.75,11.75,11.75,11.75,0,WRDEF,,-7.08784462233325e-08,3.335456707072218e-08,-1.0423301329405469e-07,,11.75,11.75,11.75,1.8897413185109047e-15,1.0
2023-09-07,11.75,11.75,11.75,11.75,11.75,0,WRDEF,,-6.56281908817391e-08,3.0883857929852465e-08,-9.651204881159157e-08,,11.75,11.75,11.75,1.8897413185109047e-15,1.0
2023-09-08,11.75,11.75,11.75,11.75,11.75,0,WRDEF,,-6.07668422247798e-08,2.859616526944943e-08,-8.936300749422922e-08,,11.75,11.75,11.75,1.8897413185109047e-15,1.0
2023-09-11,11.75,11.75,11.75,11.75,11.75,0,WRDEF,,-5.6265593073590026e-08,2.6477931536511365e-08,-8.274352461010139e-08,,11.75,11.75,11.75,1.8897413185109047e-15,1.0
2023-09-12,11.75,11.75,11.75,11.75,11.75,0,WRDEF,,-5.20977714302262e-08,2.451660254390015e-08,-7.661437397412635e-08,,11.75,11.75,11.75,1.8897413185109047e-15,1.0
2023-09-13,11.75,11.75,11.75,11.75,11.75,0,WRDEF,,-4.8238677052836465e-08,2.270055753703192e-08,-7.093923458986838e-08,,11.75,11.75,11.75,1.8897413185109047e-15,1.0
2023-09-14,11.75,11.75,11.75,11.75,11.75,0,WRDEF,,-4.466544112347037e-08,2.1019034773118406e-08,-6.568447589658878e-08,,11.75,11.75,11.75,1.8897413185109047e-15,1.0
2023-09-15,11.75,11.75,11.75,11.75,11.75,0,WRDEF,,-4.1356889468602276e-08,1.9462069142389208e-08,-6.081895861099148e-08,,11.75,11.75,11.75,1.8897413185109047e-15,1.0
2023-09-18,11.75,11.75,11.75,11.75,11.75,0,WRDEF,,-3.8293414661438874e-08,1.8020435159642088e-08,-5.631384982108096e-08,,11.75,11.75,11.75,1.8897413185109047e-15,1.0
2023-09-19,11.75,11.75,11.75,11.75,11.75,0,WRDEF,,-3.5456864111438335e-08,1.66855885677141e-08,-5.2142452679152436e-08,,11.75,11.75,11.75,1.8897413185109047e-15,1.0
2023-09-20,11.75,11.75,11.75,11.75,11.75,0,WRDEF,,-3.2830428153829416e-08,1.544961962025842e-08,-4.828004777408784e-08,,11.75,11.75,11.75,1.8897413185109047e-15,1.0
2023-09-21,11.75,11.75,11.75,11.75,11.75,0,WRDEF,,-3.039854412634213e-08,1.4305202918196572e-08,-4.47037470445387e-08,,11.75,11.75,11.75,1.8897413185109047e-15,1.0
2023-09-22,11.75,11.75,11.75,11.75,11.75,0,WRDEF,,-2.8146798669581585e-08,1.3245558699965697e-08,-4.139235736954728e-08,,11.75,11.75,11.75,1.8897413185109047e-15,1.0
2023-09-25,11.75,11.75,11.75,11.75,11.75,0,WRDEF,,-2.6061849567327044e-08,1.2264406241776198e-08,-3.832625580910324e-08,,11.75,11.75,11.75,1.8897413185109047e-15,1.0
2023-09-26,11.75,11.75,11.75,11.75,11.75,0,WRDEF,,-2.413134225776048e-08,1.1355930841074213e-08,-3.548727309883469e-08,,11.75,11.75,11.75,1.8897413185109047e-15,1.0
2023-09-27,11.75,11.75,11.75,11.75,11.75,0,WRDEF,,-2.2343835226479314e-08,1.0514750297884307e-08,-3.285858552436362e-08,,11.75,11.75,11.75,1.8897413185109047e-15,1.0
2023-09-28,11.75,11.75,11.75,11.75,11.75,0,WRDEF,,-2.0688736057650203e-08,9.735879573370737e-09,-3.042461563102094e-08,,11.75,11.75,11.75,1.8897413185109047e-15,1.0
2023-09-29,11.75,11.75,11.75,11.75,11.75,0,WRDEF,,-1.915623570880598e-08,9.01470393777197e-09,-2.817093964657795e-08,,11.75,11.75,11.75,1.8897413185109047e-15,1.0
2023-10-02,11.75,11.75,11.75,11.75,11.75,0,WRDEF,,-1.773725522014047e-08,8.346947541149986e-09,-2.6084202761290454e-08,,11.75,11.75,11.75,1.8897413185109047e-15,1.0
2023-10-03,11.75,11.75,11.75,11.75,11.75,0,WRDEF,,-1.642338354201911e-08,7.728655375417078e-09,-2.4152038917436187e-08,,11.75,11.75,11.75,1.8897413185109047e-15,1.0
2023-10-04,11.75,11.75,11.75,11.75,11.75,0,WRDEF,,-1.520683667877165e-08,7.156161790931629e-09,-2.236299846970328e-08,,11.75,11.75,11.75,1.8897413185109047e-15,1.0
2023-10-05,11.75,11.75,11.75,11.75,11.75,0,WRDEF,,-1.4080404397986968e-08,6.626075257373052e-09,-2.070647965536002e-08,,11.75,11.75,11.75,1.8897413185109047e-15,1.0
2023-10-06,11.75,11.75,11.75,11.75,11.75,0,WRDEF,,-1.3037411150662592e-08,6.135254803757941e-09,-1.9172665954420534e-08,,11.75,11.75,11.75,1.8897413185109047e-15,1.0
2023-10-09,11.75,11.75,11.75,11.75,11.75,0,WRDEF,,-1.2071676991354252e-08,5.680791170453025e-09,-1.7752468161807277e-08,,11.75,11.75,11.75,1.8897413185109047e-15,1.0
2023-10-10,11.75,11.75,11.75,11.75,11.75,0,WRDEF,,-1.11774784983254e-08,5.259991730785503e-09,-1.6437470229110902e-08,,11.75,11.75,11.75,1.8897413185109047e-15,1.0
2023-10-11,11.75,11.75,11.75,11.75,11.75,0,WRDEF,,-1.0349516799124103e-08,4.87036274398944e-09,-1.5219879543113543e-08,,11.75,11.75,11.75,1.8897413185109047e-15,1.0
2023-10-12,11.75,11.75,11.75,11.75,11.75,0,WRDEF,,-9.58288559615994e-09,4.509595157562884e-09,-1.4092480753722824e-08,,11.75,11.75,11.75,1.8897413185109047e-15,1.0
2023-10-13,11.75,11.75,11.75,11.75,11.75,0,WRDEF,,-8.873040968637724e-09,4.175551828068081e-09,-1.3048592796705805e-08,,11.75,11.75,11.75,1.8897413185109047e-15,1.0
2023-10-16,11.75,11.75,11.75,11.75,11.75,0,WRDEF,,-8.215778279918595e-09,3.866251613429769e-09,-1.2082029893348364e-08,,11.75,11.75,11.75,1.8897413185109047e-15,1.0
2023-10-17,11.75,11.75,11.75,11.75,11.75,0,WRDEF,,-7.607201979453748e-09,3.579862331115693e-09,-1.1187064310569441e-08,,11.75,11.75,11.75,1.8897413185109047e-15,1.0
2023-10-18,11.75,11.75,11.75,11.75,11.75,0,WRDEF,,-7.043704286502361e-09,3.3146880192536644e-09,-1.0358392305756026e-08,,11.75,11.75,11.75,1.8897413185109047e-15,1.0
2023-10-19,11.75,11.75,11.75,11.75,11.75,0,WRDEF,,-6.521947426563202e-09,3.0691559033542597e-09,-9.591103329917461e-09,,11.75,11.75,11.75,1.8897413185109047e-15,1.0
2023-10-20,11.75,11.75,11.75,11.75,11.75,0,WRDEF,,-6.038838762378873e-09,2.8418116540308712e-09,-8.880650416409744e-09,,11.75,11.75,11.75,1.8897413185109047e-15,1.0
2023-10-23,11.75,11.75,11.75,11.75,11.75,0,WRDEF,,-5.591516583081102e-09,2.631307066662915e-09,-8.222823649744017e-09,,11.75,11.75,11.75,1.8897413185109047e-15,1.0
2023-10-24,11.75,11.75,11.75,11.75,11.75,0,WRDEF,,-5.177328787908664e-09,2.4363958894682834e-09,-7.613724677376947e-09,,11.75,11.75,11.75,1.8897413185109047e-15,1.0
2023-10-25,11.75,11.75,11.75,11.75,11.75,0,WRDEF,,-4.793822228066347e-09,2.255921959448481e-09,-7.049744187514828e-09,,11.75,11.75,11.75,1.8897413185109047e-15,1.0
2023-10-26,11.75,11.75,11.75,11.75,11.75,0,WRDEF,,-4.4387231667997185e-09,2.088816816572088e-09,-6.5275399833718064e-09,,11.75,11.75,11.75,1.8897413185109047e-15,1.0
2023-10-27,11.75,11.75,11.75,11.75,11.75,0,WRDEF,,-4.109928397610929e-09,1.9340892686087022e-09,-6.044017666219631e-09,,11.75,11.75,11.75,1.8897413185109047e-15,1.0
2023-10-30,11.75,11.75,11.75,11.75,11.75,0,WRDEF,,-3.8054892570471566e-09,1.79082272733798e-09,-5.5963119843851365e-09,,11.75,11.75,11.75,1.8897413185109047e-15,1.0
2023-10-31,11.75,11.75,11.75,11.75,11.75,0,WRDEF,,-3.5236009665595702e-09,1.6581688142604539e-09,-5.181769780820024e-09,,11.75,11.75,11.75,1.8897413185109047e-15,1.0
2023-11-01,11.75,11.75,11.75,11.75,11.75,0,WRDEF,,-3.2625919743622944e-09,1.535342245166184e-09,-4.7979342195284785e-09,,11.75,11.75,11.75,1.8897413185109047e-15,1.0
2023-11-02,11.75,11.75,11.75,11.75,11.75,0,WRDEF,,-3.0209186263618903e-09,1.4216124745332712e-09,-4.4425311008951615e-09,,11.75,11.75,11.75,1.8897413185109047e-15,1.0
