Initial Investment,Time Horizon,Monthly Recurring,Investment Strategy,Stock Recommendation,Revenue,YoY Growth,Gross Profits
100,0.5,20,Passive,SPDR Gold Trust (GLD),29878274.84052175,0.1507662376920078,9537139.187576497
100,0.5,20,Moderate,Procter & Gamble Co. (PG),15256886.820861967,0.12471088817517909,1626934.769474341
100,0.5,20,Aggressive,Tesla Inc. (TSLA),88127132.10041988,0.1502303516081155,9038964.545950929
100,0.5,50,Passive,Vanguard Total Stock Market ETF (VTI),85401261.262564,0.19306343971063383,6570222.5639109155
100,0.5,50,Moderate,"Cisco Systems, Inc. (CSCO)",15400934.024363855,0.24130011560911413,7564651.638074911
100,0.5,50,Aggressive,"Uber Technologies, Inc. (UBER)",68000948.98985958,0.07503940883716916,3312541.7631632676
100,0.5,100,Passive,SPDR Gold Trust (GLD),69239477.97758833,0.08876281296691234,6768392.235296718
100,0.5,100,Moderate,JPMorgan Chase & Co. (JPM),31292738.7399174,0.1732384682894726,8883586.069480063
100,0.5,100,Aggressive,"Uber Technologies, Inc. (UBER)",38771026.285166346,0.09078292076587823,6746731.774005642
100,0.5,500,Passive,Vanguard Total Stock Market ETF (VTI),62476098.73060282,0.21038026852157288,9866832.578159088
100,0.5,500,Moderate,Johnson & Johnson (JNJ),83793872.95239526,0.10815398690174433,5770961.563566193
100,0.5,500,Aggressive,"Coinbase Global, Inc. (COIN)",19647106.030333236,0.14867168333479208,6080027.866022211
100,0.5,1000,Passive,iShares Core U.S. Aggregate Bond ETF (AGG),11141127.319692463,0.12985017098919327,6319664.275207332
100,0.5,1000,Moderate,JPMorgan Chase & Co. (JPM),32991829.864670932,0.10462965572896941,4617116.655381907
100,0.5,1000,Aggressive,Alphabet Inc. (GOOGL),62953180.24893046,0.18510395379945688,7173079.899494089
100,0.5,10000,Passive,Vanguard S&P 500 ETF (VOO),83035989.33290188,0.10054670982859906,5598009.640706331
100,0.5,10000,Moderate,JPMorgan Chase & Co. (JPM),95567305.1439001,0.1442534133934989,8447957.66918339
100,0.5,10000,Aggressive,"Coinbase Global, Inc. (COIN)",87413005.8828797,0.20411942460326937,4182412.728587481
100,1.0,20,Passive,iShares MSCI Emerging Markets ETF (EEM),53790063.92142848,0.12766221254010768,9721717.612348553
100,1.0,20,Moderate,"Amazon.com, Inc. (AMZN)",26146309.055820398,0.1946680816037774,1314270.0933788682
100,1.0,20,Aggressive,"Square, Inc. (SQ)",26415079.31722893,0.09903799294406626,2635452.710747757
100,1.0,50,Passive,Vanguard S&P 500 ETF (VOO),53535519.46390651,0.2259823934773283,5363855.071525422
100,1.0,50,Moderate,Microsoft Corporation (MSFT),69817877.29174387,0.20984205324357924,9931003.400975352
100,1.0,50,Aggressive,"Moderna, Inc. (MRNA)",50337204.820727594,0.0867231467217027,3315816.1293493165
100,1.0,100,Passive,SPDR Gold Trust (GLD),55375933.17715697,0.09678362914487158,8658317.400716707
100,1.0,100,Moderate,"Cisco Systems, Inc. (CSCO)",77148676.87225148,0.1821630169975197,8672096.873798693
100,1.0,100,Aggressive,NVIDIA Corporation (NVDA),75569274.21026883,0.12137370900738771,9388693.979567314
100,1.0,500,Passive,Vanguard Total Stock Market ETF (VTI),83537564.32230347,0.058365939097057895,4316971.893435968
100,1.0,500,Moderate,Procter & Gamble Co. (PG),47561823.911916114,0.1121552248817171,8380221.817484746
100,1.0,500,Aggressive,"Moderna, Inc. (MRNA)",82530990.76345362,0.192268299875252,5830292.291427445
100,1.0,1000,Passive,Vanguard Real Estate ETF (VNQ),83908819.38631172,0.1434260565281154,1174227.415430336
100,1.0,1000,Moderate,Johnson & Johnson (JNJ),62306813.18474894,0.0814208752281933,5732292.439389679
100,1.0,1000,Aggressive,"Coinbase Global, Inc. (COIN)",8468924.638611907,0.10095927363417481,7909509.28554312
100,1.0,10000,Passive,SPDR Gold Trust (GLD),51674541.293859206,0.057559073409560284,6611803.912303736
100,1.0,10000,Moderate,Intel Corporation (INTC),41772050.82775377,0.1967718866382996,7147499.104327585
100,1.0,10000,Aggressive,"Coinbase Global, Inc. (COIN)",85908979.43384403,0.06514483793616539,8290103.37528909
100,2.0,20,Passive,Vanguard Total Stock Market ETF (VTI),80578134.407486,0.20365045875124282,5173084.92314589
100,2.0,20,Moderate,Apple Inc. (AAPL),60277657.32468155,0.2202223822668597,5534411.1271767905
100,2.0,20,Aggressive,"Coinbase Global, Inc. (COIN)",91378343.23475535,0.21223551240951832,2259281.9465830894
100,2.0,50,Passive,Vanguard S&P 500 ETF (VOO),80525396.89111736,0.1756988044971336,5826906.897812243
100,2.0,50,Moderate,Microsoft Corporation (MSFT),90018544.27487819,0.06947265577140432,9690989.280954203
100,2.0,50,Aggressive,"Zoom Video Communications, Inc. (ZM)",69846181.78445455,0.20910273683849878,6876572.005815704
100,2.0,100,Passive,iShares MSCI Emerging Markets ETF (EEM),65310411.80042884,0.1884063737761758,8890109.48586015
100,2.0,100,Moderate,Apple Inc. (AAPL),44679818.61880597,0.21406623395911623,5877783.9743257705
100,2.0,100,Aggressive,"Uber Technologies, Inc. (UBER)",33999465.33952138,0.08531797129613447,6490140.410829534
100,2.0,500,Passive,Vanguard Total Stock Market ETF (VTI),62365067.873576134,0.08635422565617057,1853338.7432552197
100,2.0,500,Moderate,Johnson & Johnson (JNJ),25372839.97965058,0.12068950588661904,2249054.715739861
100,2.0,500,Aggressive,"Moderna, Inc. (MRNA)",12901790.25110772,0.2037779495167485,4039727.453632303
100,2.0,1000,Passive,iShares MSCI Emerging Markets ETF (EEM),86609256.34209964,0.1638301887891278,3913782.4397457493
100,2.0,1000,Moderate,Microsoft Corporation (MSFT),47143331.63786691,0.15127958633766064,3377845.623584538
100,2.0,1000,Aggressive,Shopify Inc. (SHOP),57456662.72276538,0.18628737730903222,6322388.475495697
100,2.0,10000,Passive,Vanguard Real Estate ETF (VNQ),47813022.18862153,0.20504917335032175,9363935.956026405
100,2.0,10000,Moderate,Johnson & Johnson (JNJ),94583021.09157924,0.11198265661799274,1297327.1785402927
100,2.0,10000,Aggressive,Shopify Inc. (SHOP),12971741.546807047,0.20348818526539386,4635298.063409734
100,5.0,20,Passive,iShares Core U.S. Aggregate Bond ETF (AGG),71280062.27382849,0.23237652254805796,9221894.851850662
100,5.0,20,Moderate,"Cisco Systems, Inc. (CSCO)",39800519.641962476,0.23495924522090916,1381249.2025954584
100,5.0,20,Aggressive,"Uber Technologies, Inc. (UBER)",35553211.74826272,0.07584061349345526,9305028.389639044
100,5.0,50,Passive,Vanguard S&P 500 ETF (VOO),86307762.4396053,0.18220613860532037,9493734.264908632
100,5.0,50,Moderate,Microsoft Corporation (MSFT),47727579.255631045,0.13076578808834738,9128045.30548291
100,5.0,50,Aggressive,"Moderna, Inc. (MRNA)",87966007.13517529,0.09878180692926422,5912104.647591653
100,5.0,100,Passive,Vanguard Real Estate ETF (VNQ),36669914.52290347,0.07000066472830194,6083491.550110677
100,5.0,100,Moderate,Intel Corporation (INTC),97700789.79641654,0.13199429166602977,2600661.03934846
100,5.0,100,Aggressive,NVIDIA Corporation (NVDA),73326987.83240014,0.1693607672758372,2197295.413724833
100,5.0,500,Passive,Vanguard Total Stock Market ETF (VTI),44379161.3207425,0.05836815810753915,4876459.053742962
100,5.0,500,Moderate,"Cisco Systems, Inc. (CSCO)",33233679.809405603,0.08381126927913059,5422628.485496467
100,5.0,500,Aggressive,"Square, Inc. (SQ)",52337424.58019947,0.10198821138411036,2268916.123324177
100,5.0,1000,Passive,iShares MSCI Emerging Markets ETF (EEM),54354407.09905684,0.24423084531102957,4048896.818035467
100,5.0,1000,Moderate,Microsoft Corporation (MSFT),92349842.324908,0.2185366201911148,5523610.916267024
100,5.0,1000,Aggressive,"Coinbase Global, Inc. (COIN)",46877935.8646212,0.13908160665942482,5744578.674968148
100,5.0,10000,Passive,Vanguard Total Stock Market ETF (VTI),40871691.205108896,0.08399737771237778,6299650.450640922
100,5.0,10000,Moderate,"Cisco Systems, Inc. (CSCO)",56676712.98046962,0.24438221213675898,5869975.939111283
100,5.0,10000,Aggressive,Shopify Inc. (SHOP),54957987.357935525,0.13442310637115135,6166914.207876076
100,10.0,20,Passive,Vanguard Real Estate ETF (VNQ),27078728.362455618,0.1476562179227337,8931804.060850186
100,10.0,20,Moderate,"Cisco Systems, Inc. (CSCO)",52457493.515854776,0.12406025234350673,2381822.658136327
100,10.0,20,Aggressive,"Square, Inc. (SQ)",83803382.38685782,0.2424939063187067,1527254.5081381388
100,10.0,50,Passive,SPDR Gold Trust (GLD),19663198.341476947,0.13219868515769978,9106167.895932399
100,10.0,50,Moderate,Microsoft Corporation (MSFT),89525758.36757104,0.24112667502060559,8217845.540044018
100,10.0,50,Aggressive,"Zoom Video Communications, Inc. (ZM)",16679161.722255474,0.2439089562438615,2270667.2176013524
100,10.0,100,Passive,Vanguard Total Stock Market ETF (VTI),37520510.34467554,0.1872030219712753,9777562.21942151
100,10.0,100,Moderate,Johnson & Johnson (JNJ),91385781.53776148,0.05654277133566761,8072369.790834264
100,10.0,100,Aggressive,"Square, Inc. (SQ)",15768664.060377864,0.06910517817074534,2153290.1870108554
100,10.0,500,Passive,iShares Core U.S. Aggregate Bond ETF (AGG),83350288.75093478,0.24548900560707654,5984456.887427209
100,10.0,500,Moderate,Johnson & Johnson (JNJ),76466072.5422255,0.07733868407716225,7260402.4293600265
100,10.0,500,Aggressive,Alphabet Inc. (GOOGL),59346727.84987893,0.06332196605502688,6200630.857143278
100,10.0,1000,Passive,Vanguard S&P 500 ETF (VOO),84104299.84235922,0.17315134279578184,6231006.467182273
100,10.0,1000,Moderate,JPMorgan Chase & Co. (JPM),20038549.444903836,0.168082969814343,6186596.814282459
100,10.0,1000,Aggressive,"Uber Technologies, Inc. (UBER)",51988403.23695132,0.051210461674267974,3868151.32731327
100,10.0,10000,Passive,Vanguard S&P 500 ETF (VOO),80295712.7778098,0.21710321525361093,6201291.856244751
100,10.0,10000,Moderate,Microsoft Corporation (MSFT),91082809.04760332,0.08867974509281425,9533505.104573997
100,10.0,10000,Aggressive,Alphabet Inc. (GOOGL),30210095.41088433,0.1948975361802308,3008338.122811623
100,20.0,20,Passive,iShares Core U.S. Aggregate Bond ETF (AGG),9911091.715949051,0.10050492098067354,5795527.006349638
100,20.0,20,Moderate,Apple Inc. (AAPL),38040343.333562195,0.17021142018558477,5560301.272454463
100,20.0,20,Aggressive,NVIDIA Corporation (NVDA),39339890.06904407,0.17123845359941495,7313432.257104314
100,20.0,50,Passive,iShares MSCI Emerging Markets ETF (EEM),15443663.170871487,0.0660634458730073,4204108.47172485
100,20.0,50,Moderate,"Cisco Systems, Inc. (CSCO)",88879717.8432548,0.16482771344287,2308252.402668352
100,20.0,50,Aggressive,"Zoom Video Communications, Inc. (ZM)",24671936.422368597,0.13710575887626486,7365924.964176223
100,20.0,100,Passive,iShares MSCI Emerging Markets ETF (EEM),64225979.63841184,0.11317819742787726,6234465.485030169
100,20.0,100,Moderate,"Cisco Systems, Inc. (CSCO)",22986382.591339078,0.18459020015718813,8713667.926221864
100,20.0,100,Aggressive,"Square, Inc. (SQ)",8404817.452914122,0.22358433734340538,5743593.822169037
100,20.0,500,Passive,Vanguard Real Estate ETF (VNQ),26343765.892318297,0.21287121408366672,3369538.7355029597
100,20.0,500,Moderate,Johnson & Johnson (JNJ),6878661.380399002,0.2408145503532848,8577129.550544135
100,20.0,500,Aggressive,Shopify Inc. (SHOP),66155202.96600139,0.20100123142891674,8000302.61917269
100,20.0,1000,Passive,iShares MSCI Emerging Markets ETF (EEM),91012646.10360236,0.1280016645439676,8594123.472323168
100,20.0,1000,Moderate,Procter & Gamble Co. (PG),55721656.067868024,0.16662072743201428,2975029.867333031
100,20.0,1000,Aggressive,"Square, Inc. (SQ)",74507781.44739786,0.18874694260376673,5324521.385885649
100,20.0,10000,Passive,SPDR Gold Trust (GLD),27091449.262918346,0.05067410023693478,2693853.0449481322
100,20.0,10000,Moderate,Intel Corporation (INTC),52130695.15895516,0.19917573370481212,1516357.720110914
100,20.0,10000,Aggressive,"Moderna, Inc. (MRNA)",58763486.29920214,0.1661183523385884,8208808.032797423
500,0.5,20,Passive,Vanguard S&P 500 ETF (VOO),66117948.72810988,0.08695569210723109,2068698.256130793
500,0.5,20,Moderate,The Coca-Cola Company (KO),10810742.973601893,0.19340652414264597,3974443.3568879985
500,0.5,20,Aggressive,NVIDIA Corporation (NVDA),38803921.695133135,0.09031382015905683,6466387.01111572
500,0.5,50,Passive,SPDR Gold Trust (GLD),57669870.15949699,0.22826092156763145,1467850.9186885417
500,0.5,50,Moderate,The Coca-Cola Company (KO),5922472.616087241,0.17644414908503087,5478837.280954228
500,0.5,50,Aggressive,Shopify Inc. (SHOP),73689060.86895451,0.182602507767875,1178068.3285406944
500,0.5,100,Passive,iShares Core U.S. Aggregate Bond ETF (AGG),12382269.261943119,0.22706827314738137,6499109.332123004
500,0.5,100,Moderate,Apple Inc. (AAPL),83092394.1887887,0.22559384227571538,4992341.357088104
500,0.5,100,Aggressive,"Square, Inc. (SQ)",83241103.5405467,0.1511807278447671,7691755.2334256405
500,0.5,500,Passive,Vanguard S&P 500 ETF (VOO),94310095.29193388,0.20837596451830037,7086745.51054538
500,0.5,500,Moderate,Johnson & Johnson (JNJ),37155522.78941406,0.20648318938028692,2339948.8122564796
500,0.5,500,Aggressive,"Moderna, Inc. (MRNA)",84044463.97989579,0.06519356046446355,9412209.362031067
500,0.5,1000,Passive,iShares Core U.S. Aggregate Bond ETF (AGG),63268834.71685355,0.13140737656220425,6999602.435157862
500,0.5,1000,Moderate,The Coca-Cola Company (KO),19228854.443621125,0.13004200907874502,9653030.133045552
500,0.5,1000,Aggressive,"Zoom Video Communications, Inc. (ZM)",98513740.89059559,0.09160503690313485,5759752.613381744
500,0.5,10000,Passive,Vanguard S&P 500 ETF (VOO),87096408.23093963,0.05445765199467865,4654131.94863735
500,0.5,10000,Moderate,Microsoft Corporation (MSFT),10557913.610617284,0.07753979237784425,9333922.511391236
500,0.5,10000,Aggressive,Alphabet Inc. (GOOGL),68149315.8208113,0.20738262965348675,4983075.203583327
500,1.0,20,Passive,iShares MSCI Emerging Markets ETF (EEM),34227436.49757823,0.24462801079302776,9569384.797157716
500,1.0,20,Moderate,Johnson & Johnson (JNJ),37888017.14328165,0.05081390914729518,1338717.0105308346
500,1.0,20,Aggressive,Tesla Inc. (TSLA),93751263.40541293,0.2190229088856796,8077459.943666064
500,1.0,50,Passive,Vanguard Real Estate ETF (VNQ),57745492.587958805,0.08917841189933891,5143554.342480336
500,1.0,50,Moderate,"Cisco Systems, Inc. (CSCO)",61779454.00024235,0.14328003614475598,7443338.8693664735
500,1.0,50,Aggressive,NVIDIA Corporation (NVDA),59912300.23030292,0.210265419178518,4771883.806445126
500,1.0,100,Passive,Vanguard S&P 500 ETF (VOO),85324083.29993159,0.060298126568998446,6667848.625494617
500,1.0,100,Moderate,Microsoft Corporation (MSFT),19248544.835466996,0.11723471514802888,8069668.880002659
500,1.0,100,Aggressive,Shopify Inc. (SHOP),50235757.99337617,0.06617998778528099,8358169.80074398
500,1.0,500,Passive,Vanguard Real Estate ETF (VNQ),20776768.38495536,0.22767668728269247,5251349.004526238
500,1.0,500,Moderate,Microsoft Corporation (MSFT),36364015.369165495,0.22666238594039162,3531396.014412731
500,1.0,500,Aggressive,"Zoom Video Communications, Inc. (ZM)",24246218.368099235,0.1216704015605516,5002960.751278667
500,1.0,1000,Passive,Vanguard S&P 500 ETF (VOO),64639744.68628484,0.20827998035281797,9968292.129163235
500,1.0,1000,Moderate,The Coca-Cola Company (KO),22930614.56651075,0.12339562836302738,1857043.8852558231
500,1.0,1000,Aggressive,NVIDIA Corporation (NVDA),67910978.71880153,0.21002810588353682,9432001.042440884
500,1.0,10000,Passive,Vanguard S&P 500 ETF (VOO),6294606.242553243,0.1077850852220589,4684351.872813098
500,1.0,10000,Moderate,Apple Inc. (AAPL),65898346.693724126,0.052031729738732914,8933473.528230082
500,1.0,10000,Aggressive,Shopify Inc. (SHOP),41860876.411688395,0.15850336579536223,5771593.056916777
500,2.0,20,Passive,iShares Core U.S. Aggregate Bond ETF (AGG),84955717.9403783,0.23645859636889133,3586360.5249844175
500,2.0,20,Moderate,Microsoft Corporation (MSFT),12763508.065212548,0.0625437413084849,6457098.945757806
500,2.0,20,Aggressive,"Uber Technologies, Inc. (UBER)",47467993.22650825,0.15876441008926845,7759312.341475693
500,2.0,50,Passive,iShares Core U.S. Aggregate Bond ETF (AGG),98071258.60903345,0.21259524137637287,2621895.408355593
500,2.0,50,Moderate,Apple Inc. (AAPL),89434052.61229771,0.05498965393871731,7000795.498267128
500,2.0,50,Aggressive,Tesla Inc. (TSLA),24942218.602637153,0.2267742579230138,2282469.586762724
500,2.0,100,Passive,Vanguard Real Estate ETF (VNQ),66123643.42545146,0.09161376207585499,9365152.956618335
500,2.0,100,Moderate,Procter & Gamble Co. (PG),72493255.12241605,0.17777092063628824,2053734.6407768684
500,2.0,100,Aggressive,NVIDIA Corporation (NVDA),49624903.961712554,0.21442903830335752,8825838.550126355
500,2.0,500,Passive,Vanguard Total Stock Market ETF (VTI),12024232.283401344,0.1749920831886943,6269743.465296994
500,2.0,500,Moderate,Microsoft Corporation (MSFT),76987311.64072399,0.07354065762787856,1290449.6974688293
500,2.0,500,Aggressive,Shopify Inc. (SHOP),42227326.7711052,0.059037756812998055,6891275.519350199
500,2.0,1000,Passive,Vanguard S&P 500 ETF (VOO),84027082.6877276,0.1441066714962198,5103746.048574248
500,2.0,1000,Moderate,JPMorgan Chase & Co. (JPM),11528424.904388297,0.21573737011473976,3078083.0223050583
500,2.0,1000,Aggressive,"Moderna, Inc. (MRNA)",76547953.3722397,0.24279939483460866,9169913.283343274
500,2.0,10000,Passive,SPDR Gold Trust (GLD),89858380.58705229,0.15082462539656882,8534299.990039136
500,2.0,10000,Moderate,"Amazon.com, Inc. (AMZN)",98605159.84438795,0.07002224298867421,5528091.597876056
500,2.0,10000,Aggressive,Tesla Inc. (TSLA),96605614.32633811,0.15168003745566566,8793313.671318518
500,5.0,20,Passive,Vanguard Real Estate ETF (VNQ),54248356.782334246,0.09507008303321232,8442310.314087227
500,5.0,20,Moderate,Intel Corporation (INTC),42189378.60588685,0.21470368707210602,9327292.154021287
500,5.0,20,Aggressive,Tesla Inc. (TSLA),15617869.74853397,0.09268667917432637,5061711.466391129
500,5.0,50,Passive,Vanguard Real Estate ETF (VNQ),34645631.16332982,0.10627285683035236,6439218.591692457
500,5.0,50,Moderate,Microsoft Corporation (MSFT),93416005.88888912,0.18688337450293097,1627460.4081226895
500,5.0,50,Aggressive,"Zoom Video Communications, Inc. (ZM)",34751369.234467804,0.21680733221556675,7087899.79629004
500,5.0,100,Passive,iShares Core U.S. Aggregate Bond ETF (AGG),36803348.04487706,0.07611691380203336,9595046.429355392
500,5.0,100,Moderate,JPMorgan Chase & Co. (JPM),43240612.514868625,0.08562209362528711,5591857.136431444
500,5.0,100,Aggressive,"Moderna, Inc. (MRNA)",35447739.02432716,0.15805187399808812,5355372.016969824
500,5.0,500,Passive,iShares MSCI Emerging Markets ETF (EEM),99831972.19691269,0.06218377143547291,7583148.578607418
500,5.0,500,Moderate,Intel Corporation (INTC),20067426.545369666,0.2169209221937347,7441282.632597596
500,5.0,500,Aggressive,Alphabet Inc. (GOOGL),11426221.00498147,0.12048194801128752,7578529.687952285
500,5.0,1000,Passive,iShares MSCI Emerging Markets ETF (EEM),17562346.728802092,0.1326024104458553,7978364.769368471
500,5.0,1000,Moderate,Johnson & Johnson (JNJ),61092465.25757083,0.1523322912312467,7666540.953293795
500,5.0,1000,Aggressive,Tesla Inc. (TSLA),73012128.54044698,0.053776921795471534,5966586.688099156
500,5.0,10000,Passive,iShares MSCI Emerging Markets ETF (EEM),66297371.81191836,0.21955489454345167,8479865.64285152
500,5.0,10000,Moderate,"Amazon.com, Inc. (AMZN)",14883400.762709036,0.12825383518776678,9699528.464929646
500,5.0,10000,Aggressive,Alphabet Inc. (GOOGL),32708894.705784548,0.10844141588116898,4920224.436565602
500,10.0,20,Passive,Vanguard Total Stock Market ETF (VTI),71871160.72683178,0.1134649032197691,2678105.113582488
500,10.0,20,Moderate,"Cisco Systems, Inc. (CSCO)",93809317.02522066,0.1395474621361416,5567333.307848663
500,10.0,20,Aggressive,"Square, Inc. (SQ)",77949959.03634116,0.07525753402085195,9539875.796454597
500,10.0,50,Passive,Vanguard S&P 500 ETF (VOO),33082012.240809947,0.08213049883779719,1197155.1931168572
500,10.0,50,Moderate,Intel Corporation (INTC),20076130.645078722,0.16553980570040489,9299640.302153606
500,10.0,50,Aggressive,Alphabet Inc. (GOOGL),49014359.660899736,0.0987536019716952,7321541.059973759
500,10.0,100,Passive,Vanguard S&P 500 ETF (VOO),65946276.22237549,0.19158883204078486,4562417.514575116
500,10.0,100,Moderate,Intel Corporation (INTC),84721431.30807516,0.07637976384373012,4065316.7496962766
500,10.0,100,Aggressive,"Zoom Video Communications, Inc. (ZM)",62556968.490178525,0.06561259110107734,5126497.248887229
500,10.0,500,Passive,Vanguard Real Estate ETF (VNQ),31963847.30219584,0.13103511208143054,8137119.829594605
500,10.0,500,Moderate,"Cisco Systems, Inc. (CSCO)",67660905.94531474,0.23037301376705266,1378528.7680787419
500,10.0,500,Aggressive,"Square, Inc. (SQ)",33494661.499912385,0.22352240226697634,3891650.632929368
500,10.0,1000,Passive,iShares MSCI Emerging Markets ETF (EEM),59389203.092256226,0.2059896262809463,4400881.244910764
500,10.0,1000,Moderate,The Coca-Cola Company (KO),72676209.45357615,0.1927457975859272,2642527.308889043
500,10.0,1000,Aggressive,"Zoom Video Communications, Inc. (ZM)",24942236.53740264,0.2083320744622713,4354697.381785782
500,10.0,10000,Passive,iShares MSCI Emerging Markets ETF (EEM),73284431.37890384,0.172332631099488,9764655.58799783
500,10.0,10000,Moderate,JPMorgan Chase & Co. (JPM),69967109.94974849,0.05838002369109279,6296138.3173876675
500,10.0,10000,Aggressive,Alphabet Inc. (GOOGL),24076864.621449962,0.09529148116449636,7188026.164686565
500,20.0,20,Passive,Vanguard Real Estate ETF (VNQ),26705751.803149953,0.19825142170519566,1208835.713449181
500,20.0,20,Moderate,Apple Inc. (AAPL),51884624.548490845,0.21615846857846432,4027669.5464732707
500,20.0,20,Aggressive,"Uber Technologies, Inc. (UBER)",27899184.834072534,0.141947290734801,1932527.9303104973
500,20.0,50,Passive,iShares MSCI Emerging Markets ETF (EEM),12247987.292952888,0.22730092059993195,1296964.1347975153
500,20.0,50,Moderate,Microsoft Corporation (MSFT),53101586.55419104,0.09426948511414504,8449377.893187929
500,20.0,50,Aggressive,"Moderna, Inc. (MRNA)",79148316.66867629,0.11787451637603992,6336428.383288221
500,20.0,100,Passive,iShares MSCI Emerging Markets ETF (EEM),15019987.382887455,0.1640714079847302,8532068.81538231
500,20.0,100,Moderate,Apple Inc. (AAPL),60672880.66010767,0.12145473220757215,1871102.0866655586
500,20.0,100,Aggressive,"Coinbase Global, Inc. (COIN)",48912045.33843544,0.23217379806036542,4459246.578688126
500,20.0,500,Passive,Vanguard Total Stock Market ETF (VTI),46631655.18100847,0.10798982156586481,5638367.167537984
500,20.0,500,Moderate,"Amazon.com, Inc. (AMZN)",38918327.606427416,0.14008412150325977,8317091.299987411
500,20.0,500,Aggressive,Shopify Inc. (SHOP),34392370.5315181,0.21943138702335463,2616379.341350155
500,20.0,1000,Passive,SPDR Gold Trust (GLD),25262346.510628056,0.24443653473227356,2481847.8169442345
500,20.0,1000,Moderate,The Coca-Cola Company (KO),15158889.128108753,0.09760557613559698,8311739.0782945445
500,20.0,1000,Aggressive,"Square, Inc. (SQ)",77484901.90832871,0.09851615493148569,3719329.9756308184
500,20.0,10000,Passive,iShares MSCI Emerging Markets ETF (EEM),42696584.36834142,0.19760243490421503,5078424.879447748
500,20.0,10000,Moderate,The Coca-Cola Company (KO),30366998.61141538,0.13972835762329683,3938667.620132792
500,20.0,10000,Aggressive,Alphabet Inc. (GOOGL),20061509.982441135,0.0629263589760789,1432438.957738592
1000,0.5,20,Passive,iShares MSCI Emerging Markets ETF (EEM),83510885.55449967,0.05046268480359484,2566451.6702785166
1000,0.5,20,Moderate,JPMorgan Chase & Co. (JPM),39638337.84484959,0.07333260161327189,3434338.9242175464
1000,0.5,20,Aggressive,"Zoom Video Communications, Inc. (ZM)",31157582.540475003,0.20539501706361174,5423109.9212633455
1000,0.5,50,Passive,iShares MSCI Emerging Markets ETF (EEM),62928026.8472094,0.10563186640380542,9695116.05671754
1000,0.5,50,Moderate,Procter & Gamble Co. (PG),60617787.20817033,0.07263073013406794,7394125.442457106
1000,0.5,50,Aggressive,NVIDIA Corporation (NVDA),34065005.35355221,0.09795611291363525,8504876.747006483
1000,0.5,100,Passive,Vanguard S&P 500 ETF (VOO),81047178.19817111,0.07733398705762856,6564190.400615822
1000,0.5,100,Moderate,Johnson & Johnson (JNJ),65571127.747275084,0.10093077059896745,8288307.062457361
1000,0.5,100,Aggressive,"Moderna, Inc. (MRNA)",81094249.48239388,0.11958551860089402,2570920.135737374
1000,0.5,500,Passive,iShares Core U.S. Aggregate Bond ETF (AGG),26566094.761608295,0.18383763077166876,9315446.648126744
1000,0.5,500,Moderate,Johnson & Johnson (JNJ),75747008.59026565,0.05144115530632923,9445809.606623504
1000,0.5,500,Aggressive,Shopify Inc. (SHOP),61874149.80634029,0.09479373268442304,9744975.029071964
1000,0.5,1000,Passive,iShares MSCI Emerging Markets ETF (EEM),18428361.63733893,0.11173915230634338,9299177.184709536
1000,0.5,1000,Moderate,Intel Corporation (INTC),48215379.08770008,0.20467523943394772,8721057.555536095
1000,0.5,1000,Aggressive,"Zoom Video Communications, Inc. (ZM)",63924506.02224228,0.21131254870672606,6958518.486109877
1000,0.5,10000,Passive,iShares MSCI Emerging Markets ETF (EEM),22856972.12783193,0.11480431414355077,2874962.9387759455
1000,0.5,10000,Moderate,Procter & Gamble Co. (PG),79515904.09283453,0.17256686427106985,6059292.797008188
1000,0.5,10000,Aggressive,Tesla Inc. (TSLA),58942030.671477124,0.05492434316391686,9511150.320166225
1000,1.0,20,Passive,SPDR Gold Trust (GLD),14904753.05858409,0.19852616186163669,1442679.8541911964
1000,1.0,20,Moderate,Procter & Gamble Co. (PG),14878248.32861854,0.18433036161153576,2913977.2760071754
1000,1.0,20,Aggressive,Tesla Inc. (TSLA),25942719.357393824,0.14616206343526406,3229953.7072684686
1000,1.0,50,Passive,iShares Core U.S. Aggregate Bond ETF (AGG),91294651.48147608,0.14815404696745962,4287966.49771855
1000,1.0,50,Moderate,Intel Corporation (INTC),14332427.801366556,0.05503594360011182,9931519.714914838
1000,1.0,50,Aggressive,NVIDIA Corporation (NVDA),82140361.54954171,0.06787233856284383,4858264.411308306
1000,1.0,100,Passive,Vanguard Total Stock Market ETF (VTI),19802123.973053496,0.0796091791733212,2785301.611459789
1000,1.0,100,Moderate,"Amazon.com, Inc. (AMZN)",26622168.104008418,0.10897579261187006,2071463.048743018
1000,1.0,100,Aggressive,"Uber Technologies, Inc. (UBER)",96473132.55461803,0.14547793180292462,1647713.8691008084
1000,1.0,500,Passive,Vanguard Real Estate ETF (VNQ),92288375.2817398,0.1535088302403892,4953325.968724653
1000,1.0,500,Moderate,Intel Corporation (INTC),63116838.29870234,0.1691008993137244,2655187.884073397
1000,1.0,500,Aggressive,"Coinbase Global, Inc. (COIN)",90511785.00122125,0.17856634759688506,3677672.8435676913
1000,1.0,1000,Passive,Vanguard Real Estate ETF (VNQ),28835536.632251523,0.19055660456905177,5374135.355260251
1000,1.0,1000,Moderate,Apple Inc. (AAPL),20126485.10619398,0.08111917051850387,9899227.530818943
1000,1.0,1000,Aggressive,Tesla Inc. (TSLA),47494563.34883837,0.20441926006973737,6828802.173885618
1000,1.0,10000,Passive,SPDR Gold Trust (GLD),12348653.13020621,0.20095223596550993,9702036.179528097
1000,1.0,10000,Moderate,The Coca-Cola Company (KO),62216665.28113204,0.05711237222569206,6367199.578151133
1000,1.0,10000,Aggressive,"Square, Inc. (SQ)",20591454.49259128,0.21679671369880488,3431543.2430097302
1000,2.0,20,Passive,SPDR Gold Trust (GLD),57126006.960327506,0.13548600459069396,5802567.94195387
1000,2.0,20,Moderate,Apple Inc. (AAPL),27059996.261040095,0.2478113196070984,1419931.2501027675
1000,2.0,20,Aggressive,"Zoom Video Communications, Inc. (ZM)",65268603.71612723,0.13897221354514092,1422162.0370902263
1000,2.0,50,Passive,iShares Core U.S. Aggregate Bond ETF (AGG),81466071.21750805,0.24098186712458824,6321664.866472543
1000,2.0,50,Moderate,"Cisco Systems, Inc. (CSCO)",20501218.027272172,0.2206758251108037,3796548.788498054
1000,2.0,50,Aggressive,NVIDIA Corporation (NVDA),10026997.35381847,0.12449431536516747,7952032.284106893
1000,2.0,100,Passive,iShares MSCI Emerging Markets ETF (EEM),24300533.188397776,0.1571865710427216,2536203.968253341
1000,2.0,100,Moderate,"Amazon.com, Inc. (AMZN)",70187170.6922537,0.050629957556513006,5216349.517779875
1000,2.0,100,Aggressive,Tesla Inc. (TSLA),37621306.43984088,0.07549539676364159,4014368.7148581096
1000,2.0,500,Passive,SPDR Gold Trust (GLD),21050261.859386608,0.06436732903885965,9257214.790389353
1000,2.0,500,Moderate,Procter & Gamble Co. (PG),13991022.658806149,0.09298225096469004,1918717.3351327148
1000,2.0,500,Aggressive,"Moderna, Inc. (MRNA)",67015258.47875853,0.10202551415022175,1037304.9492589593
1000,2.0,1000,Passive,Vanguard S&P 500 ETF (VOO),86118843.56114987,0.1575607363182372,8411890.352924734
1000,2.0,1000,Moderate,Johnson & Johnson (JNJ),78906342.07092147,0.175233881239989,5875616.380392432
1000,2.0,1000,Aggressive,Tesla Inc. (TSLA),89824127.37507157,0.09074850884394481,5503218.346336307
1000,2.0,10000,Passive,iShares MSCI Emerging Markets ETF (EEM),98331108.12623514,0.20652484074431415,8845435.041884417
1000,2.0,10000,Moderate,Apple Inc. (AAPL),81119951.20993814,0.08441341476505781,7576449.527367221
1000,2.0,10000,Aggressive,"Coinbase Global, Inc. (COIN)",18700968.837574545,0.061358478886374426,9743253.462983547
1000,5.0,20,Passive,Vanguard Real Estate ETF (VNQ),17660218.039273094,0.19619091529857563,5935032.381010854
1000,5.0,20,Moderate,Microsoft Corporation (MSFT),27491180.879519027,0.10689012751981553,7330103.409154533
1000,5.0,20,Aggressive,Shopify Inc. (SHOP),43843644.96019619,0.22413541484276672,9723712.30002272
1000,5.0,50,Passive,Vanguard S&P 500 ETF (VOO),86634754.00758913,0.15842970615269072,5396735.851416219
1000,5.0,50,Moderate,Johnson & Johnson (JNJ),75875477.41398253,0.19495789915213385,7844889.2730625775
1000,5.0,50,Aggressive,"Square, Inc. (SQ)",80413577.3195314,0.2127672004720647,4108890.3234732775
1000,5.0,100,Passive,Vanguard Total Stock Market ETF (VTI),32117434.0126843,0.23675445640136838,5308601.333711985
1000,5.0,100,Moderate,"Amazon.com, Inc. (AMZN)",39643681.338470146,0.15673050543309003,6157327.605985113
1000,5.0,100,Aggressive,NVIDIA Corporation (NVDA),6022970.532054622,0.16902449164959346,5376424.402779093
1000,5.0,500,Passive,SPDR Gold Trust (GLD),17743139.065782808,0.15343309464326715,7194016.189124179
1000,5.0,500,Moderate,Procter & Gamble Co. (PG),66771193.372321695,0.19269392681521308,2428336.562439522
1000,5.0,500,Aggressive,NVIDIA Corporation (NVDA),79672374.3870258,0.17851586887238757,6795405.139838691
1000,5.0,1000,Passive,Vanguard S&P 500 ETF (VOO),36177066.529612094,0.1293439615216534,5108187.831126092
1000,5.0,1000,Moderate,JPMorgan Chase & Co. (JPM),55715672.91077796,0.237218485832916,6701871.497614795
1000,5.0,1000,Aggressive,"Uber Technologies, Inc. (UBER)",9512014.123674856,0.10324476397225058,2390392.3623430072
1000,5.0,10000,Passive,Vanguard S&P 500 ETF (VOO),51761346.84878957,0.16220793768595423,6092251.522637647
1000,5.0,10000,Moderate,JPMorgan Chase & Co. (JPM),84014013.45290655,0.07311311139563535,4826563.746325502
1000,5.0,10000,Aggressive,Alphabet Inc. (GOOGL),20731703.115775973,0.11283148613321069,2612817.46146412
1000,10.0,20,Passive,iShares MSCI Emerging Markets ETF (EEM),87504799.6547793,0.1384369308731104,5952934.4957137825
1000,10.0,20,Moderate,"Cisco Systems, Inc. (CSCO)",43235743.547112755,0.14617778592278002,4988303.624345492
1000,10.0,20,Aggressive,"Moderna, Inc. (MRNA)",86863574.4265963,0.12738043072100794,4844043.286606103
1000,10.0,50,Passive,Vanguard S&P 500 ETF (VOO),67601904.12288524,0.1985609064496917,1262093.4720270613
1000,10.0,50,Moderate,"Amazon.com, Inc. (AMZN)",67363678.05246016,0.16067787585999585,8787443.930790698
1000,10.0,50,Aggressive,"Square, Inc. (SQ)",70115043.40289655,0.12266454576592652,9806583.830745775
1000,10.0,100,Passive,Vanguard S&P 500 ETF (VOO),56565298.97058617,0.24783217344941044,1403934.046415709
1000,10.0,100,Moderate,Apple Inc. (AAPL),55265886.21981812,0.19476409901209274,6938935.934316367
1000,10.0,100,Aggressive,Tesla Inc. (TSLA),58699511.34532,0.08215904761988102,6229717.940597234
1000,10.0,500,Passive,iShares Core U.S. Aggregate Bond ETF (AGG),87147852.81475352,0.19490924222356415,8500626.040740259
1000,10.0,500,Moderate,JPMorgan Chase & Co. (JPM),90071309.29956922,0.09981576760839726,8765735.166325256
1000,10.0,500,Aggressive,"Coinbase Global, Inc. (COIN)",98196240.97653349,0.1263334489146648,1335386.9439282902
1000,10.0,1000,Passive,Vanguard Total Stock Market ETF (VTI),64528941.13596872,0.10779670239759408,5087292.390684698
1000,10.0,1000,Moderate,The Coca-Cola Company (KO),53748871.333355725,0.10989222396050158,2586227.747256022
1000,10.0,1000,Aggressive,Tesla Inc. (TSLA),13106915.758109655,0.1996675809450354,8014116.775464177
1000,10.0,10000,Passive,iShares MSCI Emerging Markets ETF (EEM),49436967.6154964,0.19425635095950572,1014901.1345280103
1000,10.0,10000,Moderate,Intel Corporation (INTC),81512058.30800514,0.18280657339143158,9923639.122395761
1000,10.0,10000,Aggressive,"Uber Technologies, Inc. (UBER)",29652601.239643894,0.12774807546836453,3203123.68669332
1000,20.0,20,Passive,iShares MSCI Emerging Markets ETF (EEM),54374232.16147583,0.22640048192595974,8100514.219950117
1000,20.0,20,Moderate,Procter & Gamble Co. (PG),26678506.18850319,0.17624640641124684,5874672.141717569
1000,20.0,20,Aggressive,"Moderna, Inc. (MRNA)",30244323.481700886,0.1435171450932911,8563574.117929358
1000,20.0,50,Passive,Vanguard Real Estate ETF (VNQ),33976984.88922474,0.14108210227578824,2513680.6343190046
1000,20.0,50,Moderate,"Amazon.com, Inc. (AMZN)",30041253.12275222,0.15835005039918593,4999987.192060186
1000,20.0,50,Aggressive,Shopify Inc. (SHOP),72317769.77404472,0.10147402381924749,4812856.712302094
1000,20.0,100,Passive,SPDR Gold Trust (GLD),18867229.70144046,0.09308732617940502,2846080.9880274683
1000,20.0,100,Moderate,JPMorgan Chase & Co. (JPM),93476149.36855063,0.1809833226494036,3338354.173048406
1000,20.0,100,Aggressive,Tesla Inc. (TSLA),29700686.532207627,0.14564414477078041,1920777.6241279128
1000,20.0,500,Passive,iShares Core U.S. Aggregate Bond ETF (AGG),79855348.79252,0.2204826802439422,8943686.683036461
1000,20.0,500,Moderate,"Amazon.com, Inc. (AMZN)",70233896.1853612,0.09839612032638881,1057018.1528707372
1000,20.0,500,Aggressive,"Square, Inc. (SQ)",50980345.178300135,0.13495077977819028,8132924.97650592
1000,20.0,1000,Passive,Vanguard Total Stock Market ETF (VTI),49108894.70411545,0.23823213242710967,9185098.63574836
1000,20.0,1000,Moderate,The Coca-Cola Company (KO),63846820.1014687,0.19067899790466364,2938835.5293114935
1000,20.0,1000,Aggressive,"Moderna, Inc. (MRNA)",58709166.0540395,0.242738835588245,3765659.986521094
1000,20.0,10000,Passive,iShares MSCI Emerging Markets ETF (EEM),21188861.790961362,0.19991878893344167,3176832.959370534
1000,20.0,10000,Moderate,Microsoft Corporation (MSFT),25681316.424733568,0.18815266756324034,3224773.699575723
1000,20.0,10000,Aggressive,"Moderna, Inc. (MRNA)",15464976.169552388,0.2142966984811051,4659251.818096025
5000,0.5,20,Passive,Vanguard Real Estate ETF (VNQ),73098801.33156301,0.24080165073382281,6316383.628369069
5000,0.5,20,Moderate,Apple Inc. (AAPL),56372561.205638275,0.1314824571958313,6937858.225316786
5000,0.5,20,Aggressive,Tesla Inc. (TSLA),65176502.03886282,0.23501439399012952,9647232.804689802
5000,0.5,50,Passive,Vanguard Total Stock Market ETF (VTI),90752820.16940764,0.09362651182213438,4105982.975296669
5000,0.5,50,Moderate,"Amazon.com, Inc. (AMZN)",39448262.670908384,0.05989594652256185,8304346.893588418
5000,0.5,50,Aggressive,Alphabet Inc. (GOOGL),25440129.647492327,0.22828061294129176,7234379.338844094
5000,0.5,100,Passive,Vanguard Real Estate ETF (VNQ),69579751.80374913,0.20368940968571836,6088629.048113638
5000,0.5,100,Moderate,JPMorgan Chase & Co. (JPM),68240036.98530397,0.24546359485645958,3580381.8261733125
5000,0.5,100,Aggressive,"Moderna, Inc. (MRNA)",39153605.26779944,0.23925863048903545,5943045.928085843
5000,0.5,500,Passive,SPDR Gold Trust (GLD),87455585.84708084,0.07421243846198106,1704551.7046467392
5000,0.5,500,Moderate,"Cisco Systems, Inc. (CSCO)",31829947.377222084,0.23921783284550552,7099640.819869284
5000,0.5,500,Aggressive,Alphabet Inc. (GOOGL),20382322.00199031,0.07648416119464335,7845345.37047604
5000,0.5,1000,Passive,Vanguard Total Stock Market ETF (VTI),35997661.3259473,0.11294677349651756,3368198.685694884
5000,0.5,1000,Moderate,Microsoft Corporation (MSFT),35469324.41596018,0.24334179423599755,6151427.143077507
5000,0.5,1000,Aggressive,"Uber Technologies, Inc. (UBER)",24107216.47407152,0.06448693076123153,6787550.952366691
5000,0.5,10000,Passive,iShares MSCI Emerging Markets ETF (EEM),37223273.62405497,0.08823996241013504,6090819.04680776
5000,0.5,10000,Moderate,Johnson & Johnson (JNJ),70336949.05153999,0.19656489054803156,7123696.467937289
5000,0.5,10000,Aggressive,Tesla Inc. (TSLA),63859864.83711101,0.10977830260870858,5522036.285628832
5000,1.0,20,Passive,Vanguard Total Stock Market ETF (VTI),74099441.93025589,0.1993202406636037,8396786.87620901
5000,1.0,20,Moderate,"Amazon.com, Inc. (AMZN)",49636999.72073226,0.19209426472308727,3683587.8538043415
5000,1.0,20,Aggressive,"Coinbase Global, Inc. (COIN)",27522125.71873301,0.057087084206526174,4275637.962888597
5000,1.0,50,Passive,iShares MSCI Emerging Markets ETF (EEM),31607143.4656193,0.06075347650656853,6439394.677907498
5000,1.0,50,Moderate,Microsoft Corporation (MSFT),65548567.50241966,0.18451105601718104,8373637.52492576
5000,1.0,50,Aggressive,"Square, Inc. (SQ)",59378535.19593253,0.23444062809731708,6094848.674832154
5000,1.0,100,Passive,SPDR Gold Trust (GLD),5958639.843429861,0.12358836147740218,2227382.2212823783
5000,1.0,100,Moderate,The Coca-Cola Company (KO),15716887.323621262,0.21823894881966693,9617300.002170578
5000,1.0,100,Aggressive,"Square, Inc. (SQ)",56231110.10937058,0.16426246173921977,9687902.559186043
5000,1.0,500,Passive,SPDR Gold Trust (GLD),19831981.895726617,0.1768276449070037,9927707.435735594
5000,1.0,500,Moderate,Microsoft Corporation (MSFT),7100339.988399196,0.1638228950985955,6125544.146487245
5000,1.0,500,Aggressive,NVIDIA Corporation (NVDA),26510083.38615723,0.24486806451054294,7099947.876455187
5000,1.0,1000,Passive,Vanguard Real Estate ETF (VNQ),87455685.22227187,0.17543018282153222,8152836.202769125
5000,1.0,1000,Moderate,Intel Corporation (INTC),39267186.48269291,0.13055523747351028,3077126.350655337
5000,1.0,1000,Aggressive,"Uber Technologies, Inc. (UBER)",22156692.86753531,0.14558060825618557,5209315.352593989
5000,1.0,10000,Passive,Vanguard Total Stock Market ETF (VTI),16378702.067410994,0.08317130801672026,8831250.296296135
5000,1.0,10000,Moderate,The Coca-Cola Company (KO),22306729.729166746,0.06254184461370423,1633420.6974162897
5000,1.0,10000,Aggressive,NVIDIA Corporation (NVDA),82989664.710571,0.10767582293292124,2759555.445880312
5000,2.0,20,Passive,SPDR Gold Trust (GLD),14507400.130110104,0.07104831289286494,8455869.95909202
5000,2.0,20,Moderate,Microsoft Corporation (MSFT),9892591.84925419,0.2218100144731927,9902894.44848515
5000,2.0,20,Aggressive,"Uber Technologies, Inc. (UBER)",63626570.73781753,0.08107711144514057,3204070.422171993
5000,2.0,50,Passive,SPDR Gold Trust (GLD),93956864.64961345,0.16977960965937902,6652112.582944149
5000,2.0,50,Moderate,Apple Inc. (AAPL),93039533.84653103,0.20966357330313057,4676531.4410642125
5000,2.0,50,Aggressive,"Square, Inc. (SQ)",80180572.46983045,0.08979383507877686,7237794.5420214115
5000,2.0,100,Passive,Vanguard Total Stock Market ETF (VTI),75700996.51648739,0.07866339821369069,5029721.688369861
5000,2.0,100,Moderate,"Amazon.com, Inc. (AMZN)",47848671.44666089,0.11552311905085957,7015472.310294362
5000,2.0,100,Aggressive,Alphabet Inc. (GOOGL),86609832.52049978,0.0559226894857418,3564166.1459261747
5000,2.0,500,Passive,iShares MSCI Emerging Markets ETF (EEM),91038643.35254991,0.23395233801115728,3649300.7273407266
5000,2.0,500,Moderate,Procter & Gamble Co. (PG),65532867.30659653,0.244620952089193,4582536.491001665
5000,2.0,500,Aggressive,NVIDIA Corporation (NVDA),25486473.60494134,0.2000322783510617,3379805.807937132
5000,2.0,1000,Passive,Vanguard S&P 500 ETF (VOO),66621047.160147436,0.05476480070446459,1817569.242375888
5000,2.0,1000,Moderate,Microsoft Corporation (MSFT),6587519.186086901,0.24265128162265137,5965018.854828332
5000,2.0,1000,Aggressive,Shopify Inc. (SHOP),38119166.90444158,0.16657598062041168,7797782.071600909
5000,2.0,10000,Passive,iShares MSCI Emerging Markets ETF (EEM),17240248.286761727,0.07440736291675748,5314660.087773953
5000,2.0,10000,Moderate,Johnson & Johnson (JNJ),74219295.00917518,0.11182037713493874,1677607.6054398096
5000,2.0,10000,Aggressive,Tesla Inc. (TSLA),31897477.768111195,0.06903912455989131,4758973.524702979
5000,5.0,20,Passive,SPDR Gold Trust (GLD),63284995.12868942,0.2260712276759,6744753.969686947
5000,5.0,20,Moderate,Apple Inc. (AAPL),63219278.97332427,0.1081489790608674,9406228.227260914
5000,5.0,20,Aggressive,NVIDIA Corporation (NVDA),80225846.57540181,0.06658989717544872,4618345.823461218
5000,5.0,50,Passive,SPDR Gold Trust (GLD),92564684.07060473,0.22369006530217278,4165756.1096119084
5000,5.0,50,Moderate,"Cisco Systems, Inc. (CSCO)",23582636.43735382,0.1682113363325679,8863041.362669881
5000,5.0,50,Aggressive,"Coinbase Global, Inc. (COIN)",19039627.914683614,0.09066449859925402,3816636.1191916587
5000,5.0,100,Passive,Vanguard Total Stock Market ETF (VTI),53823696.10354141,0.1875058399094845,7662514.652837654
5000,5.0,100,Moderate,Intel Corporation (INTC),38321925.98422695,0.17266790468948612,8036933.9989959495
5000,5.0,100,Aggressive,"Uber Technologies, Inc. (UBER)",81222325.13775918,0.19971076761099193,1088302.2021575812
5000,5.0,500,Passive,Vanguard Real Estate ETF (VNQ),71108305.4269802,0.22519111327657193,7350534.281047198
5000,5.0,500,Moderate,Johnson & Johnson (JNJ),75458476.68393153,0.114729119483898,5174838.010628366
5000,5.0,500,Aggressive,"Zoom Video Communications, Inc. (ZM)",61112303.10087257,0.2295070387659282,4865456.442520655
5000,5.0,1000,Passive,Vanguard S&P 500 ETF (VOO),88130890.20962927,0.05764388015875502,8569090.290898928
5000,5.0,1000,Moderate,The Coca-Cola Company (KO),27601573.464522842,0.08835443816504535,2035596.0033076298
5000,5.0,1000,Aggressive,Shopify Inc. (SHOP),77610562.3509955,0.0957693664273241,3767033.3853396834
5000,5.0,10000,Passive,Vanguard Total Stock Market ETF (VTI),48768576.72088191,0.11920531784701438,3776702.421542675
5000,5.0,10000,Moderate,"Amazon.com, Inc. (AMZN)",97822499.52224968,0.08083136471310078,3587671.4172536493
5000,5.0,10000,Aggressive,"Zoom Video Communications, Inc. (ZM)",67387842.60895227,0.1749716583989356,9441836.851577979
5000,10.0,20,Passive,iShares Core U.S. Aggregate Bond ETF (AGG),5728714.813760348,0.21207765494838238,5557351.55361561
5000,10.0,20,Moderate,The Coca-Cola Company (KO),98188913.99425894,0.09078003468297038,9322391.865693834
5000,10.0,20,Aggressive,NVIDIA Corporation (NVDA),37392877.811329514,0.07919091027847253,2258453.397696561
5000,10.0,50,Passive,Vanguard S&P 500 ETF (VOO),92149821.21476002,0.23201418097991844,5867364.545027154
5000,10.0,50,Moderate,Apple Inc. (AAPL),29894652.4629535,0.1050873035143945,1162964.0716066023
5000,10.0,50,Aggressive,"Coinbase Global, Inc. (COIN)",92057586.54659776,0.18434024331074356,1427928.8379224965
5000,10.0,100,Passive,SPDR Gold Trust (GLD),59385925.37284067,0.10192137003095186,1494863.9374916824
5000,10.0,100,Moderate,Johnson & Johnson (JNJ),36707418.37875201,0.11202950385782172,9674753.359071778
5000,10.0,100,Aggressive,NVIDIA Corporation (NVDA),82683597.93378618,0.08487415201266409,3502615.3891637046
5000,10.0,500,Passive,SPDR Gold Trust (GLD),97726534.40667313,0.20463713972195163,5773350.161589757
5000,10.0,500,Moderate,Procter & Gamble Co. (PG),24346947.8028226,0.08915867320957101,4814303.175806199
5000,10.0,500,Aggressive,"Square, Inc. (SQ)",45625421.07200335,0.07280186540425293,4909336.347015815
5000,10.0,1000,Passive,iShares Core U.S. Aggregate Bond ETF (AGG),81679511.88125741,0.21781915676660973,5154837.833919451
5000,10.0,1000,Moderate,Apple Inc. (AAPL),84308906.82548323,0.21768986787009958,7509583.937754221
5000,10.0,1000,Aggressive,Shopify Inc. (SHOP),96253057.26309098,0.10871419688071525,9353449.196478851
5000,10.0,10000,Passive,Vanguard Real Estate ETF (VNQ),18839255.75537002,0.1369239966158211,4991923.853064265
5000,10.0,10000,Moderate,"Amazon.com, Inc. (AMZN)",19610409.44061707,0.1256492800441096,7805881.81577368
5000,10.0,10000,Aggressive,NVIDIA Corporation (NVDA),56964559.604558505,0.14105195035090523,7656909.1262297155
5000,20.0,20,Passive,iShares Core U.S. Aggregate Bond ETF (AGG),16697408.309459172,0.05709717630094782,2454171.523949041
5000,20.0,20,Moderate,Intel Corporation (INTC),40846369.707477644,0.05100368179711208,4940322.582895473
5000,20.0,20,Aggressive,"Zoom Video Communications, Inc. (ZM)",11349469.6325319,0.13147686605827338,3133662.3955877526
5000,20.0,50,Passive,Vanguard Total Stock Market ETF (VTI),69109000.65290096,0.06317850615400777,3019260.3034958867
5000,20.0,50,Moderate,"Cisco Systems, Inc. (CSCO)",38747811.78385538,0.05184754409583545,3924789.379803551
5000,20.0,50,Aggressive,Alphabet Inc. (GOOGL),87067013.21039987,0.22097532474101295,1155184.3390597948
5000,20.0,100,Passive,Vanguard S&P 500 ETF (VOO),9692857.922444422,0.17171230104897367,3609020.168456189
5000,20.0,100,Moderate,Intel Corporation (INTC),71105789.15033442,0.09798973377147768,7176651.065860009
5000,20.0,100,Aggressive,Alphabet Inc. (GOOGL),37884148.38805545,0.1965113838349557,3513374.7289472595
5000,20.0,500,Passive,Vanguard Real Estate ETF (VNQ),34408203.50620833,0.08473611167177131,8128323.701216417
5000,20.0,500,Moderate,Procter & Gamble Co. (PG),11561325.398494186,0.0786689467058223,5524340.452183683
5000,20.0,500,Aggressive,"Zoom Video Communications, Inc. (ZM)",20591410.45703081,0.19854967559799414,5093940.589600108
5000,20.0,1000,Passive,Vanguard Real Estate ETF (VNQ),76405446.71970339,0.1917297157688067,7445127.348503542
5000,20.0,1000,Moderate,Intel Corporation (INTC),26484477.277706575,0.21074821022562112,9482766.759538181
5000,20.0,1000,Aggressive,"Moderna, Inc. (MRNA)",63175920.33234123,0.09709639852970274,3941588.151923974
5000,20.0,10000,Passive,SPDR Gold Trust (GLD),70878971.9592306,0.20947343653144918,4861103.375526635
5000,20.0,10000,Moderate,Intel Corporation (INTC),50420436.26469663,0.10788408074638672,2812750.8788006166
5000,20.0,10000,Aggressive,Shopify Inc. (SHOP),96369194.3331472,0.19752862015681671,9181658.626670893
10000,0.5,20,Passive,Vanguard Real Estate ETF (VNQ),88826398.41687153,0.11465167321315801,6260707.673170362
10000,0.5,20,Moderate,Johnson & Johnson (JNJ),44451403.79693476,0.12164335808746816,1943763.609765713
10000,0.5,20,Aggressive,Tesla Inc. (TSLA),7942293.934889913,0.07286610257964068,8578242.775315184
10000,0.5,50,Passive,Vanguard Total Stock Market ETF (VTI),52906283.12905593,0.19522693873373215,5334315.642999817
10000,0.5,50,Moderate,The Coca-Cola Company (KO),24722286.9119489,0.2361842399992815,3622635.422802657
10000,0.5,50,Aggressive,"Moderna, Inc. (MRNA)",31962115.213696636,0.1115883986876012,9117202.397986531
10000,0.5,100,Passive,Vanguard S&P 500 ETF (VOO),51645043.25045801,0.11503640142188809,7295927.077715903
10000,0.5,100,Moderate,"Cisco Systems, Inc. (CSCO)",98732286.62421398,0.24360960768226309,6967483.44875284
10000,0.5,100,Aggressive,Alphabet Inc. (GOOGL),34354202.728558324,0.16672713547249823,1543329.9344200417
10000,0.5,500,Passive,Vanguard Total Stock Market ETF (VTI),95892223.40365955,0.1527142854154049,5910394.556581384
10000,0.5,500,Moderate,"Amazon.com, Inc. (AMZN)",98029819.0125978,0.12227567831671052,6092137.4850532655
10000,0.5,500,Aggressive,"Zoom Video Communications, Inc. (ZM)",52506497.82897354,0.2168792956119513,7564994.434191698
10000,0.5,1000,Passive,Vanguard Real Estate ETF (VNQ),64934340.833811015,0.24704906072953453,9805421.079722708
10000,0.5,1000,Moderate,JPMorgan Chase & Co. (JPM),58647141.27291312,0.19558074427247835,4806839.055410849
10000,0.5,1000,Aggressive,"Uber Technologies, Inc. (UBER)",69328489.5226861,0.18193619213906337,6188845.5502821915
10000,0.5,10000,Passive,Vanguard S&P 500 ETF (VOO),66292491.77746072,0.12108592269997942,4611147.783302521
10000,0.5,10000,Moderate,Microsoft Corporation (MSFT),87829223.17337584,0.07443258096149703,5896505.108881884
10000,0.5,10000,Aggressive,"Coinbase Global, Inc. (COIN)",19452030.26855372,0.07563118327989982,5967889.90739378
10000,1.0,20,Passive,Vanguard S&P 500 ETF (VOO),10271034.548231956,0.08350263727867605,2471412.1922121597
10000,1.0,20,Moderate,Microsoft Corporation (MSFT),20814190.320228916,0.13755253905563114,9878021.91059583
10000,1.0,20,Aggressive,Shopify Inc. (SHOP),93460253.31119838,0.06570905516378436,5979221.312681792
10000,1.0,50,Passive,iShares Core U.S. Aggregate Bond ETF (AGG),70961499.07444027,0.1622509780171637,8201406.036573583
10000,1.0,50,Moderate,Apple Inc. (AAPL),89725216.03143921,0.137951389427119,6300729.479576333
10000,1.0,50,Aggressive,"Square, Inc. (SQ)",60028638.67448636,0.13144972647326936,1291534.3747522798
10000,1.0,100,Passive,Vanguard S&P 500 ETF (VOO),86095722.01644634,0.15804772835326852,2917600.156039561
10000,1.0,100,Moderate,Intel Corporation (INTC),85609317.04346596,0.19656955218488253,9519236.171022702
10000,1.0,100,Aggressive,"Moderna, Inc. (MRNA)",32311468.806342736,0.11767119707073131,5153330.848278676
10000,1.0,500,Passive,iShares Core U.S. Aggregate Bond ETF (AGG),57971033.56406723,0.09108243826982616,9244756.485324744
10000,1.0,500,Moderate,"Amazon.com, Inc. (AMZN)",91856916.13026787,0.05920282637077406,2075236.6867858148
10000,1.0,500,Aggressive,"Uber Technologies, Inc. (UBER)",88224550.39513367,0.145641099322258,6557489.164729105
10000,1.0,1000,Passive,Vanguard Total Stock Market ETF (VTI),74053735.20359789,0.24568417703261108,5584444.440391609
10000,1.0,1000,Moderate,"Cisco Systems, Inc. (CSCO)",95099560.83133957,0.13001510527478666,3217002.2249643994
10000,1.0,1000,Aggressive,"Zoom Video Communications, Inc. (ZM)",17517780.536739256,0.08880725084810076,7336884.356845035
10000,1.0,10000,Passive,Vanguard Real Estate ETF (VNQ),74755182.41060019,0.18287136249677038,7432520.942198423
10000,1.0,10000,Moderate,"Cisco Systems, Inc. (CSCO)",32046881.19078738,0.22898530311335868,5416012.553796276
10000,1.0,10000,Aggressive,Tesla Inc. (TSLA),87719913.59253715,0.20397846429329103,6265253.977814354
10000,2.0,20,Passive,Vanguard Real Estate ETF (VNQ),82495653.04074214,0.24627291171022087,9535718.021328941
10000,2.0,20,Moderate,Microsoft Corporation (MSFT),66237987.26309308,0.14427508386866922,3871982.5123588108
10000,2.0,20,Aggressive,"Coinbase Global, Inc. (COIN)",16715218.137619317,0.1525392930114151,9741612.13822581
10000,2.0,50,Passive,Vanguard Real Estate ETF (VNQ),87688688.77242061,0.23403220782757778,6167187.841860504
10000,2.0,50,Moderate,Microsoft Corporation (MSFT),63907421.75502074,0.05187995968460662,4064415.9679963156
10000,2.0,50,Aggressive,"Zoom Video Communications, Inc. (ZM)",81579429.47738345,0.24074788205054093,9245399.662963253
10000,2.0,100,Passive,iShares Core U.S. Aggregate Bond ETF (AGG),11322798.466339692,0.21131631403540557,7545029.753555399
10000,2.0,100,Moderate,JPMorgan Chase & Co. (JPM),74713292.23439915,0.12009082159180112,8217913.554145858
10000,2.0,100,Aggressive,"Coinbase Global, Inc. (COIN)",80945239.6839601,0.12584283007679897,2064049.2360954718
10000,2.0,500,Passive,Vanguard Real Estate ETF (VNQ),60433149.70893017,0.15287462845360505,8470415.442306073
10000,2.0,500,Moderate,Procter & Gamble Co. (PG),62497843.40271654,0.16790965891827042,1766071.7920574062
10000,2.0,500,Aggressive,"Uber Technologies, Inc. (UBER)",24334471.417412013,0.15809074837811893,1978475.136813254
10000,2.0,1000,Passive,SPDR Gold Trust (GLD),62215980.02817228,0.13120240473364825,7984050.200066528
10000,2.0,1000,Moderate,Johnson & Johnson (JNJ),15834346.670144765,0.1326601138353473,1436087.213242897
10000,2.0,1000,Aggressive,Tesla Inc. (TSLA),64087655.18720749,0.24326674882476584,4320421.95539954
10000,2.0,10000,Passive,iShares MSCI Emerging Markets ETF (EEM),60747598.34730691,0.10728884840936269,2468078.695214567
10000,2.0,10000,Moderate,Apple Inc. (AAPL),11196860.2835906,0.15036985769918415,8381465.819171313
10000,2.0,10000,Aggressive,Alphabet Inc. (GOOGL),38765834.98222027,0.08083678174757132,5269445.311302174
10000,5.0,20,Passive,Vanguard Total Stock Market ETF (VTI),71649367.58826667,0.06075239647525792,4000455.401201861
10000,5.0,20,Moderate,"Cisco Systems, Inc. (CSCO)",68231289.23547402,0.1181507075837359,7068568.531991387
10000,5.0,20,Aggressive,"Square, Inc. (SQ)",9034752.44368438,0.13839232422606285,6378946.236400553
10000,5.0,50,Passive,Vanguard Total Stock Market ETF (VTI),19368938.900596973,0.09159607256401213,4143190.367393089
10000,5.0,50,Moderate,Microsoft Corporation (MSFT),23955676.19680463,0.2203496469543909,6379044.671562343
10000,5.0,50,Aggressive,"Uber Technologies, Inc. (UBER)",24898626.87811851,0.1924860462061906,9391144.37382583
10000,5.0,100,Passive,Vanguard Total Stock Market ETF (VTI),26666256.109122023,0.21985733475794045,9409763.975844294
10000,5.0,100,Moderate,JPMorgan Chase & Co. (JPM),52854266.57793602,0.22653909432948305,5576319.330224991
10000,5.0,100,Aggressive,"Zoom Video Communications, Inc. (ZM)",37314189.720931515,0.12428482400112431,2854965.276123098
10000,5.0,500,Passive,SPDR Gold Trust (GLD),19479851.37527472,0.22129739490160577,9750556.352667205
10000,5.0,500,Moderate,Procter & Gamble Co. (PG),12797014.913096696,0.13832095605315103,5220038.945996441
10000,5.0,500,Aggressive,Tesla Inc. (TSLA),67945868.54951687,0.1261385022667281,4068910.2241366683
10000,5.0,1000,Passive,iShares Core U.S. Aggregate Bond ETF (AGG),54604457.84949048,0.1943969439815761,4319040.069181483
10000,5.0,1000,Moderate,"Amazon.com, Inc. (AMZN)",88338307.85560803,0.06647274144726274,9952349.199437829
10000,5.0,1000,Aggressive,Shopify Inc. (SHOP),19424892.054705754,0.2335210149659021,1752458.9619703232
10000,5.0,10000,Passive,Vanguard Total Stock Market ETF (VTI),58519222.9394603,0.05468761575191914,6775946.194183855
10000,5.0,10000,Moderate,The Coca-Cola Company (KO),35177663.09628631,0.2138526720649997,1816711.8533099452
10000,5.0,10000,Aggressive,Tesla Inc. (TSLA),73493492.71952821,0.1083258713068792,5237223.143356607
10000,10.0,20,Passive,Vanguard S&P 500 ETF (VOO),7706578.409592353,0.17290259940775576,9255181.10690147
10000,10.0,20,Moderate,Intel Corporation (INTC),51704283.77340478,0.21780749548992168,5180710.464737669
10000,10.0,20,Aggressive,"Zoom Video Communications, Inc. (ZM)",38876518.75541771,0.11578082406575424,1581980.5195913967
10000,10.0,50,Passive,iShares Core U.S. Aggregate Bond ETF (AGG),89839618.78215306,0.2424142687159086,2065594.161991655
10000,10.0,50,Moderate,Intel Corporation (INTC),63297608.67493652,0.10805436991106945,3451546.505853548
10000,10.0,50,Aggressive,NVIDIA Corporation (NVDA),11542445.988917306,0.05428530072098428,3059525.3052147287
10000,10.0,100,Passive,iShares MSCI Emerging Markets ETF (EEM),23481280.859528255,0.14654540266191665,2098611.42541789
10000,10.0,100,Moderate,"Amazon.com, Inc. (AMZN)",56796996.09814356,0.12936991140047063,9597563.206589423
10000,10.0,100,Aggressive,"Moderna, Inc. (MRNA)",95072255.05502228,0.07866921749361794,8015933.514128806
10000,10.0,500,Passive,SPDR Gold Trust (GLD),62478930.66164898,0.158835110076829,9995287.721148726
10000,10.0,500,Moderate,Apple Inc. (AAPL),92155534.37380698,0.14436403339232512,8447199.529419336
10000,10.0,500,Aggressive,"Uber Technologies, Inc. (UBER)",37115972.68754997,0.21929379978045133,3949231.350098949
10000,10.0,1000,Passive,SPDR Gold Trust (GLD),52089660.34888325,0.15598466132316052,7874570.090073558
10000,10.0,1000,Moderate,Intel Corporation (INTC),64382017.2956362,0.10569936408997532,1075360.5959841562
10000,10.0,1000,Aggressive,Tesla Inc. (TSLA),23597614.38153765,0.17270763167616116,5311728.736024242
10000,10.0,10000,Passive,Vanguard S&P 500 ETF (VOO),17737049.917972058,0.1742294554024152,8442459.578821097
10000,10.0,10000,Moderate,Intel Corporation (INTC),8770820.719317535,0.09472905035337209,6675250.414215113
10000,10.0,10000,Aggressive,Alphabet Inc. (GOOGL),18573012.434463196,0.175877023506273,3078264.5238125045
10000,20.0,20,Passive,Vanguard S&P 500 ETF (VOO),7420841.563027196,0.24275331195132854,5056760.686404016
10000,20.0,20,Moderate,Apple Inc. (AAPL),20659221.21163264,0.236585148236015,4554542.754932908
10000,20.0,20,Aggressive,Alphabet Inc. (GOOGL),91183255.70572047,0.1539553285135819,1949207.4967711023
10000,20.0,50,Passive,iShares MSCI Emerging Markets ETF (EEM),13146589.23399359,0.18940539761090175,1740936.0491758352
10000,20.0,50,Moderate,The Coca-Cola Company (KO),49661099.966672234,0.15911580319635032,1699363.4440753092
10000,20.0,50,Aggressive,NVIDIA Corporation (NVDA),85319216.29340903,0.052668614786319345,7190944.293197693
10000,20.0,100,Passive,iShares MSCI Emerging Markets ETF (EEM),87270153.74457358,0.0986451094906724,3680172.5786572443
10000,20.0,100,Moderate,"Cisco Systems, Inc. (CSCO)",75368129.99968284,0.10565534215601408,7788515.0588976955
10000,20.0,100,Aggressive,"Moderna, Inc. (MRNA)",9433249.233896505,0.10141914606837375,1327471.2031847509
10000,20.0,500,Passive,iShares Core U.S. Aggregate Bond ETF (AGG),23314217.79929812,0.14431791116498882,2697618.6207857244
10000,20.0,500,Moderate,Procter & Gamble Co. (PG),79102038.4304233,0.13130640179413602,6243138.021268304
10000,20.0,500,Aggressive,"Uber Technologies, Inc. (UBER)",48593504.02527655,0.2281401059743105,9699064.897234997
10000,20.0,1000,Passive,Vanguard S&P 500 ETF (VOO),57184932.116689764,0.12936141256078548,8589194.356628362
10000,20.0,1000,Moderate,Apple Inc. (AAPL),38655403.88152866,0.13305011234941067,2521689.4868850615
10000,20.0,1000,Aggressive,"Uber Technologies, Inc. (UBER)",13961543.546858188,0.1966552110714695,5944543.130803274
10000,20.0,10000,Passive,Vanguard Real Estate ETF (VNQ),39407480.87415927,0.16872775744004212,2416607.131214589
10000,20.0,10000,Moderate,The Coca-Cola Company (KO),30979251.429838225,0.24210501800573575,5603633.560666996
10000,20.0,10000,Aggressive,NVIDIA Corporation (NVDA),11473336.264632825,0.18884697766337927,9555999.938471453
50000,0.5,20,Passive,iShares MSCI Emerging Markets ETF (EEM),17475303.611680046,0.2453371045973074,3762949.5813776692
50000,0.5,20,Moderate,JPMorgan Chase & Co. (JPM),35581616.14178723,0.17150491636892645,9961445.444199853
50000,0.5,20,Aggressive,Alphabet Inc. (GOOGL),30099029.37788533,0.2490487170287528,4312075.918245501
50000,0.5,50,Passive,SPDR Gold Trust (GLD),46168232.13727239,0.16024319295441847,7640205.292547938
50000,0.5,50,Moderate,JPMorgan Chase & Co. (JPM),31324147.846744813,0.06299204055402213,5739462.223293741
50000,0.5,50,Aggressive,NVIDIA Corporation (NVDA),39836124.570549056,0.18052894368596223,9703592.309318895
50000,0.5,100,Passive,Vanguard Real Estate ETF (VNQ),85645918.63056464,0.24160857717358009,8627575.704538822
50000,0.5,100,Moderate,Johnson & Johnson (JNJ),92481217.93982548,0.054969606178354224,4146689.85364648
50000,0.5,100,Aggressive,Tesla Inc. (TSLA),56134663.72650587,0.10477266051499433,3762700.570244171
50000,0.5,500,Passive,SPDR Gold Trust (GLD),45630613.940636694,0.23960409872866623,3014493.2247467474
50000,0.5,500,Moderate,Intel Corporation (INTC),63933198.97627282,0.12100505377887233,6690163.719402823
50000,0.5,500,Aggressive,"Moderna, Inc. (MRNA)",34461006.188923374,0.22545359332638076,9765946.616682777
50000,0.5,1000,Passive,iShares Core U.S. Aggregate Bond ETF (AGG),54848019.71817087,0.17938266307970058,9233939.43981155
50000,0.5,1000,Moderate,Intel Corporation (INTC),22613162.683117907,0.09982642024039162,8970495.498408655
50000,0.5,1000,Aggressive,"Moderna, Inc. (MRNA)",72988170.71081418,0.1716412317482689,2129348.211747827
50000,0.5,10000,Passive,iShares MSCI Emerging Markets ETF (EEM),39522566.85889746,0.18533633309036135,5625396.651598155
50000,0.5,10000,Moderate,Microsoft Corporation (MSFT),90104859.55331494,0.15873870668344842,6833362.368641532
50000,0.5,10000,Aggressive,Tesla Inc. (TSLA),26246915.46610017,0.11091993084392482,7420848.707319753
50000,1.0,20,Passive,Vanguard S&P 500 ETF (VOO),15853015.914599627,0.07269835801354421,6128638.661151286
50000,1.0,20,Moderate,Intel Corporation (INTC),22406623.7580569,0.14861091837996027,2561275.7017146396
50000,1.0,20,Aggressive,"Square, Inc. (SQ)",61251466.49128571,0.24874687881255064,4593257.210210425
50000,1.0,50,Passive,Vanguard S&P 500 ETF (VOO),48515531.819311395,0.09524287550014499,9503301.328554573
50000,1.0,50,Moderate,"Cisco Systems, Inc. (CSCO)",89987066.26401848,0.18892904124722643,9578003.647234889
50000,1.0,50,Aggressive,Shopify Inc. (SHOP),6496334.420704524,0.08176001586195356,8765410.365441447
50000,1.0,100,Passive,iShares Core U.S. Aggregate Bond ETF (AGG),56445621.88822736,0.0688268904990988,6127829.130239854
50000,1.0,100,Moderate,Microsoft Corporation (MSFT),86157738.15595047,0.07016548207340323,2414596.353124949
50000,1.0,100,Aggressive,"Coinbase Global, Inc. (COIN)",92266548.25716977,0.10990961809235125,6307282.804253028
50000,1.0,500,Passive,iShares MSCI Emerging Markets ETF (EEM),96302942.53023835,0.21152054533241998,6449974.485599744
50000,1.0,500,Moderate,"Cisco Systems, Inc. (CSCO)",84547889.5173908,0.15896364899867482,9940388.039227216
50000,1.0,500,Aggressive,"Zoom Video Communications, Inc. (ZM)",29479235.78374769,0.17879740119303394,8435285.139436759
50000,1.0,1000,Passive,Vanguard Real Estate ETF (VNQ),39434019.65727848,0.15851116718816327,8678008.926405031
50000,1.0,1000,Moderate,JPMorgan Chase & Co. (JPM),12971024.279084947,0.24193824202333875,2272664.5187637955
50000,1.0,1000,Aggressive,NVIDIA Corporation (NVDA),89166325.69991262,0.11280981988647927,4913342.943392662
50000,1.0,10000,Passive,iShares Core U.S. Aggregate Bond ETF (AGG),66142501.51646219,0.2370451533474493,9412921.462233612
50000,1.0,10000,Moderate,Procter & Gamble Co. (PG),45505192.74877926,0.16170387101697384,2471693.983096209
50000,1.0,10000,Aggressive,"Zoom Video Communications, Inc. (ZM)",40365119.0088179,0.16621643944012027,3567664.02262247
50000,2.0,20,Passive,Vanguard S&P 500 ETF (VOO),6659623.504623908,0.06271013337146243,7754572.37586011
50000,2.0,20,Moderate,Microsoft Corporation (MSFT),62904108.02022778,0.15728638873086315,6793938.06959066
50000,2.0,20,Aggressive,"Zoom Video Communications, Inc. (ZM)",53019517.7411221,0.22991991090709724,2042759.9388825067
50000,2.0,50,Passive,Vanguard S&P 500 ETF (VOO),45641741.30227534,0.20869869384479217,8608662.69314152
50000,2.0,50,Moderate,Microsoft Corporation (MSFT),89213152.06469819,0.19391996344840934,6057131.335214226
50000,2.0,50,Aggressive,"Zoom Video Communications, Inc. (ZM)",25849199.58708148,0.09958440026012583,7225837.653243305
50000,2.0,100,Passive,iShares Core U.S. Aggregate Bond ETF (AGG),56960509.10344226,0.22589341817068842,7957601.019999297
50000,2.0,100,Moderate,Apple Inc. (AAPL),51141829.49498557,0.23425992647514088,6411557.362965819
50000,2.0,100,Aggressive,"Uber Technologies, Inc. (UBER)",79975391.83458778,0.1735441266995702,2693173.3916101316
50000,2.0,500,Passive,SPDR Gold Trust (GLD),5260203.125222712,0.12189720965505035,5202652.615997888
50000,2.0,500,Moderate,Procter & Gamble Co. (PG),31522261.814275175,0.0839035833514582,1194881.0443692598
50000,2.0,500,Aggressive,Tesla Inc. (TSLA),60272410.52062134,0.12425815179134353,8571282.074338283
50000,2.0,1000,Passive,SPDR Gold Trust (GLD),54908428.04978512,0.14996936299328545,4123374.5693122456
50000,2.0,1000,Moderate,The Coca-Cola Company (KO),43833333.75739881,0.21360765404851956,2721045.3840494025
50000,2.0,1000,Aggressive,"Square, Inc. (SQ)",82052475.18757181,0.1850836265973685,1728604.1624416404
50000,2.0,10000,Passive,Vanguard S&P 500 ETF (VOO),97793052.99249113,0.15110038154198868,8017666.130029852
50000,2.0,10000,Moderate,The Coca-Cola Company (KO),26346398.77685054,0.23587162209574536,7319542.530715901
50000,2.0,10000,Aggressive,NVIDIA Corporation (NVDA),63074869.85694881,0.05751283425385319,5666226.95823654
50000,5.0,20,Passive,Vanguard S&P 500 ETF (VOO),93976686.01340955,0.10523449307016369,5725316.127784683
50000,5.0,20,Moderate,The Coca-Cola Company (KO),95456980.4429957,0.13012126381796624,2837150.951076364
50000,5.0,20,Aggressive,Tesla Inc. (TSLA),38592742.43303655,0.07197970427138932,1196961.4244462892
50000,5.0,50,Passive,Vanguard Total Stock Market ETF (VTI),90962369.06601271,0.14671394124630793,1173893.607281014
50000,5.0,50,Moderate,The Coca-Cola Company (KO),69480471.71778809,0.07510262180803927,7436112.507558349
50000,5.0,50,Aggressive,Alphabet Inc. (GOOGL),99319860.45060106,0.19858243648827167,3656997.2073334963
50000,5.0,100,Passive,Vanguard S&P 500 ETF (VOO),55829170.11563857,0.10650348397528711,2599404.6858424484
50000,5.0,100,Moderate,Johnson & Johnson (JNJ),64064584.99280506,0.14662409901455412,7910645.51257574
50000,5.0,100,Aggressive,"Moderna, Inc. (MRNA)",76862712.62393427,0.08551239858634437,3481308.9282217203
50000,5.0,500,Passive,Vanguard S&P 500 ETF (VOO),52432703.013928615,0.1282711004479955,5472065.014868912
50000,5.0,500,Moderate,"Amazon.com, Inc. (AMZN)",86195327.56614096,0.11989472739821772,6882368.273892336
50000,5.0,500,Aggressive,Shopify Inc. (SHOP),51749986.25521212,0.20441601428444078,7438736.253027268
50000,5.0,1000,Passive,Vanguard S&P 500 ETF (VOO),14408246.542614073,0.14159850227837312,9949469.469373465
50000,5.0,1000,Moderate,Johnson & Johnson (JNJ),73385542.76547146,0.10361755438958634,2908734.6660092203
50000,5.0,1000,Aggressive,NVIDIA Corporation (NVDA),61087047.27408566,0.13651053254342707,4616829.105557494
50000,5.0,10000,Passive,iShares MSCI Emerging Markets ETF (EEM),69486005.54795441,0.21372221357546772,4734268.364960588
50000,5.0,10000,Moderate,Apple Inc. (AAPL),27736901.346518762,0.22171885782149975,1616859.8840991803
50000,5.0,10000,Aggressive,"Square, Inc. (SQ)",76505878.81304605,0.13443361141027133,2221083.8912987355
50000,10.0,20,Passive,Vanguard Total Stock Market ETF (VTI),66729942.6484594,0.062250985055758816,9018341.076861057
50000,10.0,20,Moderate,Apple Inc. (AAPL),40170273.06651876,0.06194601367431514,2343336.6639530607
50000,10.0,20,Aggressive,Shopify Inc. (SHOP),51962402.70153931,0.10991785657956415,6752734.5421324335
50000,10.0,50,Passive,iShares Core U.S. Aggregate Bond ETF (AGG),54947632.42937985,0.20739707926782058,4997919.120949376
50000,10.0,50,Moderate,"Amazon.com, Inc. (AMZN)",80435908.41082744,0.23625103448140589,9242479.10005539
50000,10.0,50,Aggressive,"Uber Technologies, Inc. (UBER)",95955687.62487386,0.1326862502869685,4283326.652955679
50000,10.0,100,Passive,Vanguard S&P 500 ETF (VOO),89512026.64437506,0.18342849356493574,2299960.944412837
50000,10.0,100,Moderate,Intel Corporation (INTC),57286529.38999958,0.22904814394641354,1059430.6545115756
50000,10.0,100,Aggressive,"Moderna, Inc. (MRNA)",87955970.93519622,0.054424954383544846,1703625.0890297377
50000,10.0,500,Passive,iShares MSCI Emerging Markets ETF (EEM),14784928.204048036,0.09392630928281134,9064897.25704809
50000,10.0,500,Moderate,JPMorgan Chase & Co. (JPM),54501821.699938715,0.214717092729939,2644435.1821773117
50000,10.0,500,Aggressive,Alphabet Inc. (GOOGL),83291571.54584128,0.08300557938730688,5762534.134492014
50000,10.0,1000,Passive,Vanguard S&P 500 ETF (VOO),18009276.45914665,0.15330455688495784,3992414.709806922
50000,10.0,1000,Moderate,Johnson & Johnson (JNJ),7917098.570588497,0.1369832508971593,6458728.368985338
50000,10.0,1000,Aggressive,"Moderna, Inc. (MRNA)",81221813.70883676,0.10486933807416637,4483524.713765027
50000,10.0,10000,Passive,Vanguard Total Stock Market ETF (VTI),74858654.08677723,0.2353123984537931,9624652.635410432
50000,10.0,10000,Moderate,Intel Corporation (INTC),63684879.12052135,0.1398822327935667,8787563.931457534
50000,10.0,10000,Aggressive,"Square, Inc. (SQ)",42673772.42014707,0.08098683270293013,2342927.481712714
50000,20.0,20,Passive,Vanguard Total Stock Market ETF (VTI),40538966.38259445,0.24374070733523628,6973037.521547067
50000,20.0,20,Moderate,"Cisco Systems, Inc. (CSCO)",7494304.355193358,0.23360272533789217,1081564.2518531734
50000,20.0,20,Aggressive,"Moderna, Inc. (MRNA)",78819283.14853199,0.16207020973144373,6709480.73263034
50000,20.0,50,Passive,iShares Core U.S. Aggregate Bond ETF (AGG),36032492.75187685,0.0640368180382406,3404009.1209991076
50000,20.0,50,Moderate,Microsoft Corporation (MSFT),74801960.66980964,0.17651582143233502,4347100.631958973
50000,20.0,50,Aggressive,NVIDIA Corporation (NVDA),54052672.369101346,0.17273106208266514,5112179.49413453
50000,20.0,100,Passive,Vanguard Real Estate ETF (VNQ),26043144.015489284,0.14835510106438599,6498217.6630463535
50000,20.0,100,Moderate,JPMorgan Chase & Co. (JPM),84311677.87517384,0.2093630316358353,3043545.1556329
50000,20.0,100,Aggressive,Alphabet Inc. (GOOGL),39095614.17683788,0.09238656688535081,8071895.519465667
50000,20.0,500,Passive,SPDR Gold Trust (GLD),36877240.120784685,0.22611585002326862,3914661.54610992
50000,20.0,500,Moderate,"Amazon.com, Inc. (AMZN)",48935799.11076154,0.20950894073476944,3711551.168040968
50000,20.0,500,Aggressive,Alphabet Inc. (GOOGL),34613263.269083396,0.1376086272392394,8988828.827980077
50000,20.0,1000,Passive,iShares Core U.S. Aggregate Bond ETF (AGG),26586859.964381095,0.21708519349969374,9918745.470648559
50000,20.0,1000,Moderate,The Coca-Cola Company (KO),38884867.26893196,0.06002352189646725,5283321.374811932
50000,20.0,1000,Aggressive,"Coinbase Global, Inc. (COIN)",81080084.10792546,0.17492657759661537,3441432.938827056
50000,20.0,10000,Passive,iShares Core U.S. Aggregate Bond ETF (AGG),66410365.528748214,0.1298151067417322,5017485.730662683
50000,20.0,10000,Moderate,Johnson & Johnson (JNJ),41856882.85801169,0.178658699555649,8874345.16619366
50000,20.0,10000,Aggressive,Alphabet Inc. (GOOGL),92367072.7202683,0.0972577950823515,4482445.84716292
